pair_type,image1,image2,cosine_similarity,image1_width,image1_height,image1_face_area,image1_blur,image1_brightness,image1_contrast,image2_width,image2_height,image2_face_area,image2_blur,image2_brightness,image2_contrast,mean_blur,mean_brightness,mean_contrast,blur_difference,brightness_difference,contrast_difference
hard_genuine,/mnt/c/Users/ansar/Desktop/VGGFace2_ArcFace_Project/data/aligned/train/n000671/0015_01.jpg,/mnt/c/Users/ansar/Desktop/VGGFace2_ArcFace_Project/data/aligned/train/n000671/0205_01.jpg,-0.1236684545874595,112,112,12544,726.1578753438406,57.31784119897959,54.758658345822134,112,112,12544,254.90184356549642,87.64373405612245,80.13143044628649,490.5298594546685,72.48078762755102,67.44504439605431,471.2560317783442,30.32589285714286,25.372772100464353
hard_genuine,/mnt/c/Users/ansar/Desktop/VGGFace2_ArcFace_Project/data/aligned/train/n006986/0096_02.jpg,/mnt/c/Users/ansar/Desktop/VGGFace2_ArcFace_Project/data/aligned/train/n006986/0233_01.jpg,-0.1194331422448158,112,112,12544,86.1640475462596,45.95918367346939,46.48507988193124,112,112,12544,366.6121989372918,97.71532206632654,74.02135547431357,226.3881232417757,71.83725286989797,60.253217678122404,280.4481513910322,51.756138392857146,27.536275592382324
hard_genuine,/mnt/c/Users/ansar/Desktop/VGGFace2_ArcFace_Project/data/aligned/train/n006315/0055_02.jpg,/mnt/c/Users/ansar/Desktop/VGGFace2_ArcFace_Project/data/aligned/train/n006315/0287_09.jpg,-0.1058736070990562,112,112,12544,158.9002172556682,74.40258290816327,54.76530322390388,112,112,12544,350.8198875099954,80.85993303571429,82.287781172861,254.86005238283178,77.63125797193878,68.52654219838244,191.9196702543272,6.457350127551024,27.522477948957125
hard_genuine,/mnt/c/Users/ansar/Desktop/VGGFace2_ArcFace_Project/data/aligned/train/n006859/0096_01.jpg,/mnt/c/Users/ansar/Desktop/VGGFace2_ArcFace_Project/data/aligned/train/n006859/0155_01.jpg,-0.0931354239583015,112,112,12544,392.65511074487193,106.6415019132653,86.61449105153655,112,112,12544,629.2638988312161,49.43638392857143,58.86859179290031,510.959504788044,78.03894292091837,72.74154142221843,236.6087880863442,57.20511798469387,27.745899258636236
hard_genuine,/mnt/c/Users/ansar/Desktop/VGGFace2_ArcFace_Project/data/aligned/train/n006387/0061_01.jpg,/mnt/c/Users/ansar/Desktop/VGGFace2_ArcFace_Project/data/aligned/train/n006387/0244_01.jpg,-0.0924214646220207,112,112,12544,625.783915617028,104.08442283163265,89.03654947579622,112,112,12544,263.62134256168287,77.59191645408163,70.96129973650456,444.70262908935547,90.83816964285714,79.99892460615038,362.16257305534515,26.492506377551024,18.075249739291664
hard_genuine,/mnt/c/Users/ansar/Desktop/VGGFace2_ArcFace_Project/data/aligned/train/n002613/0007_01.jpg,/mnt/c/Users/ansar/Desktop/VGGFace2_ArcFace_Project/data/aligned/train/n002613/0144_05.jpg,-0.0893449783325195,112,112,12544,641.3641154310297,103.3109056122449,81.77896175927378,112,112,12544,175.13477776975049,89.88687818877551,72.55962344233589,408.2494466003901,96.59889190051021,77.16929260080484,466.22933766127926,13.424027423469383,9.219338316937893
hard_genuine,/mnt/c/Users/ansar/Desktop/VGGFace2_ArcFace_Project/data/aligned/train/n006652/0100_01.jpg,/mnt/c/Users/ansar/Desktop/VGGFace2_ArcFace_Project/data/aligned/train/n006652/0469_04.jpg,-0.0807012021541595,112,112,12544,1575.775116888298,77.58195153061224,69.29758260477054,112,112,12544,366.7667396224473,81.5335618622449,71.8710102433333,971.2709282553726,79.55775669642857,70.58429642405193,1209.0083772658509,3.9516103316326507,2.5734276385627624
hard_genuine,/mnt/c/Users/ansar/Desktop/VGGFace2_ArcFace_Project/data/aligned/train/n004715/0189_01.jpg,/mnt/c/Users/ansar/Desktop/VGGFace2_ArcFace_Project/data/aligned/train/n004715/0236_01.jpg,-0.0771741718053817,112,112,12544,2431.5613004914026,100.47895408163265,92.87674691920368,112,112,12544,925.8118554766305,68.61774553571429,64.06797953783347,1678.6865779840166,84.54834980867346,78.47236322851857,1505.749445014772,31.86120854591836,28.808767381370217
hard_genuine,/mnt/c/Users/ansar/Desktop/VGGFace2_ArcFace_Project/data/aligned/train/n006305/0144_01.jpg,/mnt/c/Users/ansar/Desktop/VGGFace2_ArcFace_Project/data/aligned/train/n006305/0349_01.jpg,-0.0764254927635192,112,112,12544,246.8003751730134,76.59080038265306,67.82770307005758,112,112,12544,586.0718597068931,95.31138392857143,86.29499331758292,416.43611743995325,85.95109215561224,77.06134819382025,339.27148453387963,18.720583545918373,18.46729024752534
hard_genuine,/mnt/c/Users/ansar/Desktop/VGGFace2_ArcFace_Project/data/aligned/train/n005939/0084_01.jpg,/mnt/c/Users/ansar/Desktop/VGGFace2_ArcFace_Project/data/aligned/train/n005939/0126_01.jpg,-0.0714274495840072,112,112,12544,1638.5760912404664,94.66613520408163,83.02650187674946,112,112,12544,26.20971313629087,52.539381377551024,51.92944381881624,832.3929021883787,73.60275829081633,67.47797284778285,1612.3663781041755,42.1267538265306,31.097058057933225
hard_genuine,/mnt/c/Users/ansar/Desktop/VGGFace2_ArcFace_Project/data/aligned/train/n006101/0204_06.jpg,/mnt/c/Users/ansar/Desktop/VGGFace2_ArcFace_Project/data/aligned/train/n006101/0249_01.jpg,-0.0659487023949623,112,112,12544,281.47007096245704,107.96484375,90.75509113527329,112,112,12544,115.99381826480992,40.940210459183675,36.136558463815675,198.7319446136335,74.45252710459184,63.44582479954448,165.4762526976471,67.02463329081633,54.618532671457615
hard_genuine,/mnt/c/Users/ansar/Desktop/VGGFace2_ArcFace_Project/data/aligned/train/n001313/0101_02.jpg,/mnt/c/Users/ansar/Desktop/VGGFace2_ArcFace_Project/data/aligned/train/n001313/0257_10.jpg,-0.0650929063558578,112,112,12544,175.14803813408435,94.15338010204081,83.50256286579797,112,112,12544,79.33218173432579,67.30484693877551,70.13445215846781,127.24010993420507,80.72911352040816,76.8185075121329,95.81585639975856,26.8485331632653,13.36811070733016
hard_genuine,/mnt/c/Users/ansar/Desktop/VGGFace2_ArcFace_Project/data/aligned/train/n002535/0054_01.jpg,/mnt/c/Users/ansar/Desktop/VGGFace2_ArcFace_Project/data/aligned/train/n002535/0061_01.jpg,-0.0645223036408424,112,112,12544,565.8166297235772,96.6805644132653,87.06082251010221,112,112,12544,1236.5521704162572,92.79344706632654,84.90756708028286,901.1844000699173,94.73700573979592,85.98419479519254,670.73554069268,3.8871173469387656,2.153255429819353
hard_genuine,/mnt/c/Users/ansar/Desktop/VGGFace2_ArcFace_Project/data/aligned/train/n007088/0017_08.jpg,/mnt/c/Users/ansar/Desktop/VGGFace2_ArcFace_Project/data/aligned/train/n007088/0191_02.jpg,-0.0554107688367366,112,112,12544,63.71931309443819,43.89516900510204,49.783604711692576,112,112,12544,189.17331808361098,50.61694834183673,53.78445178867021,126.44631558902458,47.25605867346938,51.78402825018139,125.45400498917279,6.721779336734691,4.000847076977635
hard_genuine,/mnt/c/Users/ansar/Desktop/VGGFace2_ArcFace_Project/data/aligned/train/n008821/0012_01.jpg,/mnt/c/Users/ansar/Desktop/VGGFace2_ArcFace_Project/data/aligned/train/n008821/0278_03.jpg,-0.0552130304276943,112,112,12544,1148.795823598891,84.29033801020408,63.71465018123683,112,112,12544,226.44065089227757,100.68550701530613,80.21938207575934,687.6182372455843,92.4879225127551,71.96701612849809,922.3551727066135,16.395169005102048,16.504731894522514
hard_genuine,/mnt/c/Users/ansar/Desktop/VGGFace2_ArcFace_Project/data/aligned/train/n005247/0182_01.jpg,/mnt/c/Users/ansar/Desktop/VGGFace2_ArcFace_Project/data/aligned/train/n005247/0241_02.jpg,-0.0513730123639106,112,112,12544,318.36271871481773,82.3250956632653,83.24839614532469,112,112,12544,306.2808620734098,77.67171556122449,60.67785942776345,312.3217903941138,79.9984056122449,71.96312778654408,12.08185664140791,4.653380102040813,22.57053671756124
hard_genuine,/mnt/c/Users/ansar/Desktop/VGGFace2_ArcFace_Project/data/aligned/train/n003414/0063_01.jpg,/mnt/c/Users/ansar/Desktop/VGGFace2_ArcFace_Project/data/aligned/train/n003414/0309_02.jpg,-0.0497582741081714,112,112,12544,712.9736340326946,84.02845982142857,64.04963773307031,112,112,12544,473.86076398831216,57.025669642857146,59.24941050036587,593.4171990105034,70.52706473214286,61.64952411671809,239.11287004438242,27.002790178571423,4.800227232704444
hard_genuine,/mnt/c/Users/ansar/Desktop/VGGFace2_ArcFace_Project/data/aligned/train/n000949/0099_01.jpg,/mnt/c/Users/ansar/Desktop/VGGFace2_ArcFace_Project/data/aligned/train/n000949/0212_01.jpg,-0.0493413545191288,112,112,12544,129.55245037468111,60.08338647959184,66.81155247518201,112,112,12544,334.24272354678874,67.95360331632654,73.94020299560596,231.89758696073494,64.01849489795919,70.37587773539398,204.69027317210762,7.8702168367346985,7.128650520423946
hard_genuine,/mnt/c/Users/ansar/Desktop/VGGFace2_ArcFace_Project/data/aligned/train/n008328/0277_02.jpg,/mnt/c/Users/ansar/Desktop/VGGFace2_ArcFace_Project/data/aligned/train/n008328/0420_02.jpg,-0.0459673963487148,112,112,12544,210.79008389830042,80.29121492346938,72.60264285377663,112,112,12544,1242.9177494644869,104.2798150510204,86.33616843665774,726.8539166813937,92.2855149872449,79.4694056452172,1032.1276655661864,23.988600127551024,13.733525582881114
hard_genuine,/mnt/c/Users/ansar/Desktop/VGGFace2_ArcFace_Project/data/aligned/train/n006633/0222_02.jpg,/mnt/c/Users/ansar/Desktop/VGGFace2_ArcFace_Project/data/aligned/train/n006633/0610_01.jpg,-0.0447289980947971,112,112,12544,177.7730581973901,85.35969387755102,76.71139107606285,112,112,12544,1655.351597377232,103.21970663265306,83.21219364731115,916.5623277873111,94.28970025510205,79.961792361687,1477.578539179842,17.860012755102034,6.5008025712483
hard_genuine,/mnt/c/Users/ansar/Desktop/VGGFace2_ArcFace_Project/data/aligned/train/n001737/0031_01.jpg,/mnt/c/Users/ansar/Desktop/VGGFace2_ArcFace_Project/data/aligned/train/n001737/0402_01.jpg,-0.0418309085071086,112,112,12544,499.62606906851147,96.97472895408163,75.79668643490949,112,112,12544,894.9315501717118,120.05564413265306,80.88209935187906,697.2788096201116,108.51518654336735,78.33939289339428,395.30548110320035,23.08091517857143,5.085412916969574
hard_genuine,/mnt/c/Users/ansar/Desktop/VGGFace2_ArcFace_Project/data/aligned/train/n004139/0002_01.jpg,/mnt/c/Users/ansar/Desktop/VGGFace2_ArcFace_Project/data/aligned/train/n004139/0246_01.jpg,-0.0356775186955928,112,112,12544,1100.6056789221836,81.17753507653062,75.60541027973467,112,112,12544,116.6203181065405,45.15736607142857,40.25260971956837,608.6129985143621,63.16745057397959,57.92900999965152,983.9853608156432,36.02016900510205,35.3528005601663
hard_genuine,/mnt/c/Users/ansar/Desktop/VGGFace2_ArcFace_Project/data/aligned/train/n007784/0196_01.jpg,/mnt/c/Users/ansar/Desktop/VGGFace2_ArcFace_Project/data/aligned/train/n007784/0362_03.jpg,-0.0337491258978843,112,112,12544,361.83206561246254,88.62579719387755,86.51321650720863,112,112,12544,593.3318095240976,91.75629783163265,71.3114016679666,477.58193756828007,90.19104751275509,78.91230908758762,231.49974391163505,3.1305006377551052,15.201814839242019
hard_genuine,/mnt/c/Users/ansar/Desktop/VGGFace2_ArcFace_Project/data/aligned/train/n001724/0217_01.jpg,/mnt/c/Users/ansar/Desktop/VGGFace2_ArcFace_Project/data/aligned/train/n001724/0334_01.jpg,-0.025833923369646,112,112,12544,1227.3669950905467,77.24481823979592,65.73296097891051,112,112,12544,352.7694465481505,88.17897002551021,87.54380700605054,790.0682208193485,82.71189413265307,76.63838399248053,874.5975485423962,10.934151785714292,21.81084602714003
hard_genuine,/mnt/c/Users/ansar/Desktop/VGGFace2_ArcFace_Project/data/aligned/train/n007492/0023_01.jpg,/mnt/c/Users/ansar/Desktop/VGGFace2_ArcFace_Project/data/aligned/train/n007492/0351_01.jpg,-0.0250787828117609,112,112,12544,1122.1104898258131,92.60817920918367,79.92745894038458,112,112,12544,1096.0885845090586,89.28276466836735,62.20452479099857,1109.0995371674358,90.94547193877551,71.06599186569157,26.021905316754555,3.3254145408163254,17.722934149386013
hard_genuine,/mnt/c/Users/ansar/Desktop/VGGFace2_ArcFace_Project/data/aligned/train/n004451/0137_02.jpg,/mnt/c/Users/ansar/Desktop/VGGFace2_ArcFace_Project/data/aligned/train/n004451/0296_01.jpg,-0.0220198296010494,112,112,12544,233.79800751863647,86.50573979591837,86.5329954997918,112,112,12544,203.40766501913265,83.34486607142857,86.8722737190484,218.60283626888457,84.92530293367346,86.7026346094201,30.390342499503816,3.1608737244898037,0.33927821925659885
hard_genuine,/mnt/c/Users/ansar/Desktop/VGGFace2_ArcFace_Project/data/aligned/train/n002333/0058_03.jpg,/mnt/c/Users/ansar/Desktop/VGGFace2_ArcFace_Project/data/aligned/train/n002333/0160_02.jpg,-0.0197605993598699,112,112,12544,480.8732807392977,105.17083864795919,85.83182272974543,112,112,12544,361.82141392909205,95.77511160714286,76.85201694657516,421.34734733419486,100.47297512755102,81.3419198381603,119.05186681020564,9.395727040816325,8.979805783170264
hard_genuine,/mnt/c/Users/ansar/Desktop/VGGFace2_ArcFace_Project/data/aligned/train/n001166/0044_01.jpg,/mnt/c/Users/ansar/Desktop/VGGFace2_ArcFace_Project/data/aligned/train/n001166/0089_01.jpg,-0.0181712694466114,112,112,12544,281.01637519096045,61.022480867346935,46.036238689447984,112,112,12544,671.3023318569146,122.11256377551021,86.50653446657572,476.1593535239375,91.56752232142857,66.27138657801186,390.2859566659542,61.090082908163275,40.47029577712773
hard_genuine,/mnt/c/Users/ansar/Desktop/VGGFace2_ArcFace_Project/data/aligned/train/n004848/0008_01.jpg,/mnt/c/Users/ansar/Desktop/VGGFace2_ArcFace_Project/data/aligned/train/n004848/0208_02.jpg,-0.0159866288304328,112,112,12544,223.63113823397765,81.39995216836735,70.2174490413185,112,112,12544,461.20870939903784,107.18040497448979,85.06028153153356,342.4199238165078,94.29017857142857,77.63886528642604,237.5775711650602,25.78045280612244,14.84283249021506
hard_genuine,/mnt/c/Users/ansar/Desktop/VGGFace2_ArcFace_Project/data/aligned/train/n007404/0087_01.jpg,/mnt/c/Users/ansar/Desktop/VGGFace2_ArcFace_Project/data/aligned/train/n007404/0314_01.jpg,-0.0154342884197831,112,112,12544,197.83939103234167,87.63783482142857,67.40929024252353,112,112,12544,125.98433732013314,51.722975127551024,43.650384348550325,161.9118641762374,69.68040497448979,55.52983729553692,71.85505371220853,35.914859693877546,23.7589058939732
hard_genuine,/mnt/c/Users/ansar/Desktop/VGGFace2_ArcFace_Project/data/aligned/train/n006850/0247_01.jpg,/mnt/c/Users/ansar/Desktop/VGGFace2_ArcFace_Project/data/aligned/train/n006850/0414_01.jpg,-0.0148596409708261,112,112,12544,613.5680242027655,100.72154017857143,82.84568036662178,112,112,12544,270.78761864741216,129.46532206632654,58.937386323322734,442.17782142508884,115.09343112244898,70.89153334497226,342.78040555535335,28.743781887755105,23.908294043299044
hard_genuine,/mnt/c/Users/ansar/Desktop/VGGFace2_ArcFace_Project/data/aligned/train/n005659/0102_02.jpg,/mnt/c/Users/ansar/Desktop/VGGFace2_ArcFace_Project/data/aligned/train/n005659/0229_04.jpg,-0.0141025157645344,112,112,12544,232.80634734611715,49.89437181122449,42.9515933212459,112,112,12544,342.34387775819926,60.163105867346935,69.7343779853714,287.5751125521582,55.02873883928571,56.342985653308645,109.5375304120821,10.268734056122447,26.782784664125494
hard_genuine,/mnt/c/Users/ansar/Desktop/VGGFace2_ArcFace_Project/data/aligned/train/n006637/0253_01.jpg,/mnt/c/Users/ansar/Desktop/VGGFace2_ArcFace_Project/data/aligned/train/n006637/0286_01.jpg,-0.0136537766084074,112,112,12544,84.57999342315051,64.55484693877551,55.984434238611264,112,112,12544,243.67999386420007,60.86304209183673,59.87340938989667,164.12999364367528,62.70894451530612,57.92892181425397,159.10000044104956,3.69180484693878,3.8889751512854076
hard_genuine,/mnt/c/Users/ansar/Desktop/VGGFace2_ArcFace_Project/data/aligned/train/n000093/0010_01.jpg,/mnt/c/Users/ansar/Desktop/VGGFace2_ArcFace_Project/data/aligned/train/n000093/0189_02.jpg,-0.0124561302363872,112,112,12544,1143.4138318768444,87.42681760204081,77.4533407614025,112,112,12544,230.93939737735417,92.95990114795919,78.14464387233527,687.1766146270993,90.193359375,77.79899231686889,912.4744344994901,5.533083545918373,0.6913031109327648
hard_genuine,/mnt/c/Users/ansar/Desktop/VGGFace2_ArcFace_Project/data/aligned/train/n003182/0234_02.jpg,/mnt/c/Users/ansar/Desktop/VGGFace2_ArcFace_Project/data/aligned/train/n003182/0825_02.jpg,-0.0122702773660421,112,112,12544,203.73962913300286,85.31074617346938,62.84469153729466,112,112,12544,1858.6249372616553,86.26466836734694,77.0888334421507,1031.182283197329,85.78770727040816,69.96676248972268,1654.8853081286525,0.9539221938775597,14.244141904856043
hard_genuine,/mnt/c/Users/ansar/Desktop/VGGFace2_ArcFace_Project/data/aligned/train/n008349/0035_01.jpg,/mnt/c/Users/ansar/Desktop/VGGFace2_ArcFace_Project/data/aligned/train/n008349/0267_02.jpg,-0.0063892086036503,112,112,12544,1448.2461506860648,88.49426020408163,69.85388334284036,112,112,12544,1653.4686898037278,89.8451849489796,71.87493974552207,1550.8574202448963,89.1697225765306,70.86441154418122,205.22253911766302,1.3509247448979664,2.021056402681708
hard_genuine,/mnt/c/Users/ansar/Desktop/VGGFace2_ArcFace_Project/data/aligned/train/n008156/0199_01.jpg,/mnt/c/Users/ansar/Desktop/VGGFace2_ArcFace_Project/data/aligned/train/n008156/0314_02.jpg,-0.0055064996704459,112,112,12544,1170.8371379618743,89.11750637755102,79.59961630225061,112,112,12544,190.93357219322678,82.56257971938776,78.97560456031012,680.8853550775506,85.8400430484694,79.28761043128037,979.9035657686475,6.554926658163268,0.6240117419404925
hard_genuine,/mnt/c/Users/ansar/Desktop/VGGFace2_ArcFace_Project/data/aligned/train/n007309/0115_01.jpg,/mnt/c/Users/ansar/Desktop/VGGFace2_ArcFace_Project/data/aligned/train/n007309/0317_01.jpg,-0.0055004903115332,112,112,12544,1164.412263062337,84.18989158163265,84.10597875969341,112,112,12544,86.7710259885204,68.36527423469387,75.35954862096719,625.5916445254287,76.27758290816325,79.7327636903303,1077.6412370738165,15.82461734693878,8.746430138726225
hard_genuine,/mnt/c/Users/ansar/Desktop/VGGFace2_ArcFace_Project/data/aligned/train/n003182/0234_02.jpg,/mnt/c/Users/ansar/Desktop/VGGFace2_ArcFace_Project/data/aligned/train/n003182/0359_02.jpg,-0.0054942802526056,112,112,12544,203.73962913300286,85.31074617346938,62.84469153729466,112,112,12544,645.447214370467,52.85052614795919,54.16250904935662,424.5934217517349,69.08063616071428,58.50360029332564,441.7075852374642,32.460220025510196,8.682182487938036
hard_genuine,/mnt/c/Users/ansar/Desktop/VGGFace2_ArcFace_Project/data/aligned/train/n000423/0060_02.jpg,/mnt/c/Users/ansar/Desktop/VGGFace2_ArcFace_Project/data/aligned/train/n000423/0099_02.jpg,-0.0051999166607856,112,112,12544,396.879550894118,90.39453125,77.67923566261764,112,112,12544,1140.152565596651,93.23166454081633,68.19865353726296,768.5160582453844,91.81309789540816,72.9389445999403,743.2730147025329,2.8371332908163254,9.480582125354687
hard_genuine,/mnt/c/Users/ansar/Desktop/VGGFace2_ArcFace_Project/data/aligned/train/n001593/0545_04.jpg,/mnt/c/Users/ansar/Desktop/VGGFace2_ArcFace_Project/data/aligned/train/n001593/0846_03.jpg,-0.0039798612706363,112,112,12544,80.10365348158156,95.72951211734694,81.95472790650219,112,112,12544,1177.9288836967344,85.84980867346938,83.25566732388268,629.016268589158,90.78966039540816,82.60519761519242,1097.8252302151527,9.87970344387756,1.3009394173804907
hard_genuine,/mnt/c/Users/ansar/Desktop/VGGFace2_ArcFace_Project/data/aligned/train/n006926/0090_01.jpg,/mnt/c/Users/ansar/Desktop/VGGFace2_ArcFace_Project/data/aligned/train/n006926/0417_01.jpg,-0.0025017017032951,112,112,12544,264.454724058813,60.396843112244895,71.14744931201321,112,112,12544,5285.990010240484,67.87244897959184,88.58167149800262,2775.222367149648,64.13464604591837,79.86456040500792,5021.535286181671,7.4756058673469425,17.434222185989412
hard_genuine,/mnt/c/Users/ansar/Desktop/VGGFace2_ArcFace_Project/data/aligned/train/n001685/0001_01.jpg,/mnt/c/Users/ansar/Desktop/VGGFace2_ArcFace_Project/data/aligned/train/n001685/0052_01.jpg,-0.0022751162759959,112,112,12544,794.0259185625782,102.30149872448979,75.38880075741741,112,112,12544,743.3543453319824,84.08689413265306,98.92185997951952,768.6901319472803,93.19419642857142,87.15533036846847,50.67157323059587,18.214604591836732,23.53305922210211
hard_genuine,/mnt/c/Users/ansar/Desktop/VGGFace2_ArcFace_Project/data/aligned/train/n000484/0160_01.jpg,/mnt/c/Users/ansar/Desktop/VGGFace2_ArcFace_Project/data/aligned/train/n000484/0242_01.jpg,-0.0008724731160327,112,112,12544,1072.801125338553,76.97249681122449,78.9160611001937,112,112,12544,192.38699796486773,132.67721619897958,98.35776372498535,632.5940616517104,104.82485650510203,88.63691241258952,880.4141273736852,55.70471938775509,19.441702624791645
hard_genuine,/mnt/c/Users/ansar/Desktop/VGGFace2_ArcFace_Project/data/aligned/train/n008418/0086_02.jpg,/mnt/c/Users/ansar/Desktop/VGGFace2_ArcFace_Project/data/aligned/train/n008418/0093_01.jpg,-0.0005792069132439,112,112,12544,317.87420280612247,71.14787946428571,60.85171334897547,112,112,12544,145.5662188929153,68.54759247448979,67.89222870384165,231.72021084951888,69.84773596938774,64.37197102640856,172.30798391320718,2.6002869897959187,7.04051535486618
hard_genuine,/mnt/c/Users/ansar/Desktop/VGGFace2_ArcFace_Project/data/aligned/train/n009085/0086_02.jpg,/mnt/c/Users/ansar/Desktop/VGGFace2_ArcFace_Project/data/aligned/train/n009085/0190_01.jpg,0.0008782155346125,112,112,12544,78.76992323755076,81.45567602040816,69.72350947783137,112,112,12544,497.24077245544663,70.50573979591837,54.29926227994796,288.0053478464987,75.98070790816327,62.01138587888967,418.4708492178959,10.94993622448979,15.42424719788341
hard_genuine,/mnt/c/Users/ansar/Desktop/VGGFace2_ArcFace_Project/data/aligned/train/n003582/0209_04.jpg,/mnt/c/Users/ansar/Desktop/VGGFace2_ArcFace_Project/data/aligned/train/n003582/0247_06.jpg,0.0021190380211919,112,112,12544,472.97942118742026,84.16988201530613,73.62393182360748,112,112,12544,205.87355485731044,72.39389349489795,59.913705995827634,339.42648802236533,78.28188775510205,66.76881890971755,267.10586633010985,11.775988520408177,13.710225827779844
hard_genuine,/mnt/c/Users/ansar/Desktop/VGGFace2_ArcFace_Project/data/aligned/train/n003682/0340_01.jpg,/mnt/c/Users/ansar/Desktop/VGGFace2_ArcFace_Project/data/aligned/train/n003682/0365_01.jpg,0.0027495624963194,112,112,12544,166.52467700810493,67.88081951530613,84.70303336023647,112,112,12544,674.9916450980304,89.67697704081633,85.67089355102529,420.7581610530677,78.77889827806123,85.18696345563089,508.46696808992544,21.796157525510196,0.9678601907888122
hard_genuine,/mnt/c/Users/ansar/Desktop/VGGFace2_ArcFace_Project/data/aligned/train/n000256/0022_03.jpg,/mnt/c/Users/ansar/Desktop/VGGFace2_ArcFace_Project/data/aligned/train/n000256/0406_01.jpg,0.0045749605633318,112,112,12544,473.0352528932342,64.66517857142857,56.724348967479905,112,112,12544,1695.69518699789,101.02758290816327,78.3718286840049,1084.365219945562,82.84638073979592,67.5480888257424,1222.6599341046558,36.3624043367347,21.64747971652499
hard_genuine,/mnt/c/Users/ansar/Desktop/VGGFace2_ArcFace_Project/data/aligned/train/n004809/0033_01.jpg,/mnt/c/Users/ansar/Desktop/VGGFace2_ArcFace_Project/data/aligned/train/n004809/0235_01.jpg,0.005641100462526,112,112,12544,345.61363907209886,38.911352040816325,49.913323647185834,112,112,12544,347.1868534747485,84.36607142857143,75.74524773349931,346.4002462734237,61.63871173469388,62.82928569034257,1.5732144026496258,45.454719387755105,25.831924086313478
hard_genuine,/mnt/c/Users/ansar/Desktop/VGGFace2_ArcFace_Project/data/aligned/train/n009101/0229_01.jpg,/mnt/c/Users/ansar/Desktop/VGGFace2_ArcFace_Project/data/aligned/train/n009101/0302_02.jpg,0.0058653983287513,112,112,12544,255.2337209502144,87.16366390306122,78.55830298138835,112,112,12544,596.1510796219246,94.00039859693878,74.44900333394432,425.6924002860695,90.58203125,76.50365315766634,340.9173586717102,6.83673469387756,4.109299647444033
hard_genuine,/mnt/c/Users/ansar/Desktop/VGGFace2_ArcFace_Project/data/aligned/train/n000697/0322_01.jpg,/mnt/c/Users/ansar/Desktop/VGGFace2_ArcFace_Project/data/aligned/train/n000697/0336_05.jpg,0.0062646730802953,112,112,12544,524.4148135044237,44.459741709183675,51.691354665235494,112,112,12544,1030.8856530560895,63.87061543367347,70.3794613173671,777.6502332802565,54.16517857142857,61.0354079913013,506.4708395516658,19.410873724489797,18.68810665213161
hard_genuine,/mnt/c/Users/ansar/Desktop/VGGFace2_ArcFace_Project/data/aligned/train/n007875/0079_01.jpg,/mnt/c/Users/ansar/Desktop/VGGFace2_ArcFace_Project/data/aligned/train/n007875/0162_05.jpg,0.0070287995040416,112,112,12544,1173.6556020766086,89.61423788265306,69.46844477605732,112,112,12544,78.64863425639707,46.17267219387755,40.39456821091315,626.1521181665029,67.8934550382653,54.93150649348524,1095.0069678202115,43.441565688775505,29.073876565144175
hard_genuine,/mnt/c/Users/ansar/Desktop/VGGFace2_ArcFace_Project/data/aligned/train/n001215/0002_01.jpg,/mnt/c/Users/ansar/Desktop/VGGFace2_ArcFace_Project/data/aligned/train/n001215/0227_01.jpg,0.0079140029847621,112,112,12544,218.1422541061077,71.04257015306122,59.41371003676751,112,112,12544,64.15920489850218,30.224489795918366,27.781014103838093,141.15072950230496,50.63352997448979,43.5973620703028,153.98304920760552,40.818080357142854,31.63269593292942
hard_genuine,/mnt/c/Users/ansar/Desktop/VGGFace2_ArcFace_Project/data/aligned/train/n000700/0059_01.jpg,/mnt/c/Users/ansar/Desktop/VGGFace2_ArcFace_Project/data/aligned/train/n000700/0069_02.jpg,0.0079238368198275,112,112,12544,758.1739070309245,116.07039221938776,80.62756029576161,112,112,12544,20.197623288219347,65.17633928571429,62.58611792568168,389.18576515957193,90.62336575255102,71.60683911072164,737.9762837427052,50.894052933673464,18.041442370079935
hard_genuine,/mnt/c/Users/ansar/Desktop/VGGFace2_ArcFace_Project/data/aligned/train/n004191/0072_01.jpg,/mnt/c/Users/ansar/Desktop/VGGFace2_ArcFace_Project/data/aligned/train/n004191/0241_03.jpg,0.0080991415306925,112,112,12544,960.5023730499254,74.90489477040816,92.45303014051876,112,112,12544,587.3547298649062,82.07063137755102,71.28294497723051,773.9285514574158,78.4877630739796,81.86798755887463,373.1476431850192,7.165736607142861,21.17008516328825
hard_genuine,/mnt/c/Users/ansar/Desktop/VGGFace2_ArcFace_Project/data/aligned/train/n006885/0301_01.jpg,/mnt/c/Users/ansar/Desktop/VGGFace2_ArcFace_Project/data/aligned/train/n006885/0653_01.jpg,0.0081443870440125,112,112,12544,985.1185533999403,55.63584183673469,63.67470075613349,112,112,12544,72.45934148531862,73.59917091836735,68.09508367151766,528.7889474426295,64.61750637755102,65.88489221382557,912.6592119146217,17.963329081632658,4.420382915384167
hard_genuine,/mnt/c/Users/ansar/Desktop/VGGFace2_ArcFace_Project/data/aligned/train/n001078/0132_02.jpg,/mnt/c/Users/ansar/Desktop/VGGFace2_ArcFace_Project/data/aligned/train/n001078/0214_01.jpg,0.0084872618317604,112,112,12544,694.6701145640812,81.61272321428571,80.71776749037366,112,112,12544,425.2079650484886,72.16127232142857,75.132482238272,559.9390398062849,76.88699776785714,77.92512486432284,269.46214951559267,9.451450892857139,5.585285252101656
hard_genuine,/mnt/c/Users/ansar/Desktop/VGGFace2_ArcFace_Project/data/aligned/train/n004512/0411_01.jpg,/mnt/c/Users/ansar/Desktop/VGGFace2_ArcFace_Project/data/aligned/train/n004512/0430_02.jpg,0.0092112310230731,112,112,12544,3179.187120970663,80.7759088010204,69.51460780521683,112,112,12544,282.5096459442355,111.60507015306122,71.2035974466499,1730.8483834574492,96.19048947704081,70.35910262593336,2896.677475026427,30.829161352040813,1.6889896414330678
hard_genuine,/mnt/c/Users/ansar/Desktop/VGGFace2_ArcFace_Project/data/aligned/train/n002099/0139_04.jpg,/mnt/c/Users/ansar/Desktop/VGGFace2_ArcFace_Project/data/aligned/train/n002099/0149_02.jpg,0.0093338079750537,112,112,12544,349.3235809377013,55.480548469387756,65.27255531619168,112,112,12544,514.8728733976302,100.37986288265306,81.19182422448436,432.09822716766575,77.9302056760204,73.23218977033802,165.5492924599289,44.8993144132653,15.919268908292679
hard_genuine,/mnt/c/Users/ansar/Desktop/VGGFace2_ArcFace_Project/data/aligned/train/n004227/0002_01.jpg,/mnt/c/Users/ansar/Desktop/VGGFace2_ArcFace_Project/data/aligned/train/n004227/0273_02.jpg,0.0095894150435924,112,112,12544,903.5912373903044,36.451530612244895,40.387141713291264,112,112,12544,114.05189451879384,61.67330994897959,61.72889446090596,508.8215659545491,49.062420280612244,51.05801808709862,789.5393428715106,25.2217793367347,21.3417527476147
hard_genuine,/mnt/c/Users/ansar/Desktop/VGGFace2_ArcFace_Project/data/aligned/train/n001820/0066_01.jpg,/mnt/c/Users/ansar/Desktop/VGGFace2_ArcFace_Project/data/aligned/train/n001820/0171_01.jpg,0.0101760867983102,112,112,12544,253.09105941346667,49.429129464285715,48.03453845156548,112,112,12544,1035.8036254984495,117.03834502551021,98.4070626558474,644.447342455958,83.23373724489797,73.22080055370644,782.7125660849829,67.60921556122449,50.372524204281916
hard_genuine,/mnt/c/Users/ansar/Desktop/VGGFace2_ArcFace_Project/data/aligned/train/n001023/0022_03.jpg,/mnt/c/Users/ansar/Desktop/VGGFace2_ArcFace_Project/data/aligned/train/n001023/0163_01.jpg,0.0123047763481736,112,112,12544,286.92876680589427,65.71970663265306,61.657161687949404,112,112,12544,162.86219476193799,100.66741071428571,70.86536690234351,224.89548078391613,83.19355867346938,66.26126429514646,124.06657204395628,34.94770408163265,9.208205214394106
hard_genuine,/mnt/c/Users/ansar/Desktop/VGGFace2_ArcFace_Project/data/aligned/train/n002979/0100_01.jpg,/mnt/c/Users/ansar/Desktop/VGGFace2_ArcFace_Project/data/aligned/train/n002979/0830_04.jpg,0.0126047143712639,112,112,12544,535.3922944233746,103.46890943877551,74.87805130036617,112,112,12544,1425.1959616181653,58.493144132653065,73.17069118615969,980.2941280207699,80.98102678571429,74.02437124326292,889.8036671947907,44.97576530612245,1.7073601142064803
hard_genuine,/mnt/c/Users/ansar/Desktop/VGGFace2_ArcFace_Project/data/aligned/train/n001561/0168_02.jpg,/mnt/c/Users/ansar/Desktop/VGGFace2_ArcFace_Project/data/aligned/train/n001561/0345_01.jpg,0.0141333928331732,112,112,12544,1434.2116385971888,104.0399394132653,86.34411134318476,112,112,12544,1927.892960427255,73.05939094387755,81.65226497249941,1681.052299512222,88.54966517857142,83.9981881578421,493.6813218300663,30.980548469387756,4.691846370685354
hard_genuine,/mnt/c/Users/ansar/Desktop/VGGFace2_ArcFace_Project/data/aligned/train/n004072/0174_07.jpg,/mnt/c/Users/ansar/Desktop/VGGFace2_ArcFace_Project/data/aligned/train/n004072/0178_01.jpg,0.0146866748109459,112,112,12544,30.005620413847343,67.60929528061224,61.49193430352126,112,112,12544,1953.9823944651052,108.42689732142857,82.17448486845747,991.9940074394763,88.0180963010204,71.83320958598937,1923.976774051258,40.817602040816325,20.682550564936207
hard_genuine,/mnt/c/Users/ansar/Desktop/VGGFace2_ArcFace_Project/data/aligned/train/n003175/0007_01.jpg,/mnt/c/Users/ansar/Desktop/VGGFace2_ArcFace_Project/data/aligned/train/n003175/0182_02.jpg,0.0146929528564214,112,112,12544,1017.2556710582832,88.27407525510205,74.41648416965765,112,112,12544,89.02717901735889,36.53667091836735,50.27540631858531,553.141425037821,62.4053730867347,62.34594524412148,928.2284920409243,51.7374043367347,24.14107785107234
hard_genuine,/mnt/c/Users/ansar/Desktop/VGGFace2_ArcFace_Project/data/aligned/train/n008781/0166_01.jpg,/mnt/c/Users/ansar/Desktop/VGGFace2_ArcFace_Project/data/aligned/train/n008781/0251_01.jpg,0.0150434132665395,112,112,12544,806.3615351513693,82.80436862244898,97.60184940717492,112,112,12544,121.07431674688767,76.24107142857143,75.74563188304818,463.71792594912847,79.52272002551021,86.67374064511155,685.2872184044816,6.5632971938775455,21.85621752412675
hard_genuine,/mnt/c/Users/ansar/Desktop/VGGFace2_ArcFace_Project/data/aligned/train/n000914/0209_01.jpg,/mnt/c/Users/ansar/Desktop/VGGFace2_ArcFace_Project/data/aligned/train/n000914/0317_01.jpg,0.0151711646467447,112,112,12544,97.89795099184545,77.25111607142857,71.85496669812086,112,112,12544,627.7304534403695,87.91111288265306,77.55830688627147,362.81420221610745,82.58111447704081,74.70663679219616,529.8325024485241,10.659996811224488,5.703340188150605
hard_genuine,/mnt/c/Users/ansar/Desktop/VGGFace2_ArcFace_Project/data/aligned/train/n008959/0299_01.jpg,/mnt/c/Users/ansar/Desktop/VGGFace2_ArcFace_Project/data/aligned/train/n008959/0369_03.jpg,0.0153029225766658,112,112,12544,778.302774133011,85.57764668367346,72.3774839926393,112,112,12544,158.2547020139619,86.87818877551021,68.5293873822375,468.27873807348647,86.22791772959184,70.4534356874384,620.048072119049,1.3005420918367463,3.8480966104017966
hard_genuine,/mnt/c/Users/ansar/Desktop/VGGFace2_ArcFace_Project/data/aligned/train/n001741/0039_01.jpg,/mnt/c/Users/ansar/Desktop/VGGFace2_ArcFace_Project/data/aligned/train/n001741/0259_01.jpg,0.0158781241625547,112,112,12544,691.3956451288913,103.17227359693878,72.59223807734685,112,112,12544,592.5843145838384,69.43048469387755,78.78416582644735,641.9899798563648,86.30137914540816,75.6882019518971,98.8113305450529,33.741788903061234,6.1919277491005005
hard_genuine,/mnt/c/Users/ansar/Desktop/VGGFace2_ArcFace_Project/data/aligned/train/n009136/0115_02.jpg,/mnt/c/Users/ansar/Desktop/VGGFace2_ArcFace_Project/data/aligned/train/n009136/0345_03.jpg,0.0177969299256801,112,112,12544,450.1344076757975,80.41780931122449,75.03146515844757,112,112,12544,433.6085220838974,107.43064413265306,94.43345587090863,441.87146487984745,93.92422672193877,84.73246051467811,16.525885591900078,27.01283482142857,19.401990712461057
hard_genuine,/mnt/c/Users/ansar/Desktop/VGGFace2_ArcFace_Project/data/aligned/train/n001986/0117_01.jpg,/mnt/c/Users/ansar/Desktop/VGGFace2_ArcFace_Project/data/aligned/train/n001986/0275_01.jpg,0.0191979687660932,112,112,12544,218.70635910065954,85.42689732142857,75.45147963060344,112,112,12544,2129.5209027488545,41.86224489795919,60.65914247352742,1174.113630924757,63.64457110969388,68.05531105206543,1910.814543648195,43.56465242346938,14.792337157076027
hard_genuine,/mnt/c/Users/ansar/Desktop/VGGFace2_ArcFace_Project/data/aligned/train/n008360/0063_01.jpg,/mnt/c/Users/ansar/Desktop/VGGFace2_ArcFace_Project/data/aligned/train/n008360/0205_02.jpg,0.0196471456438303,112,112,12544,411.4603769222134,63.68104272959184,62.99725585463017,112,112,12544,58.60083861313279,42.775111607142854,38.407680475016484,235.0306077676731,53.22807716836735,50.70246816482333,352.8595383090806,20.905931122448983,24.589575379613684
hard_genuine,/mnt/c/Users/ansar/Desktop/VGGFace2_ArcFace_Project/data/aligned/train/n004307/0016_01.jpg,/mnt/c/Users/ansar/Desktop/VGGFace2_ArcFace_Project/data/aligned/train/n004307/0287_07.jpg,0.0198290981352329,112,112,12544,714.1162688903936,94.49601403061224,86.74222611571602,112,112,12544,134.0948502533836,57.70296556122449,64.208621463843,424.1055595718886,76.09948979591837,75.47542378977951,580.02141863701,36.793048469387756,22.53360465187302
hard_genuine,/mnt/c/Users/ansar/Desktop/VGGFace2_ArcFace_Project/data/aligned/train/n009119/0157_01.jpg,/mnt/c/Users/ansar/Desktop/VGGFace2_ArcFace_Project/data/aligned/train/n009119/0290_01.jpg,0.0206563901156187,112,112,12544,1174.653877102599,51.36527423469388,53.386163514861316,112,112,12544,1220.6431548640114,44.012037627551024,57.84338128770225,1197.648515983305,47.688655931122454,55.61477240128178,45.989277761412495,7.353236607142854,4.457217772840934
hard_genuine,/mnt/c/Users/ansar/Desktop/VGGFace2_ArcFace_Project/data/aligned/train/n002472/0166_01.jpg,/mnt/c/Users/ansar/Desktop/VGGFace2_ArcFace_Project/data/aligned/train/n002472/0432_01.jpg,0.0217037703841924,112,112,12544,342.4308958740742,69.39556760204081,65.68830959420134,112,112,12544,168.0798641841941,60.02359693877551,61.90975691971298,255.25538002913416,64.70958227040816,63.79903325695716,174.35103168988013,9.371970663265301,3.7785526744883597
hard_genuine,/mnt/c/Users/ansar/Desktop/VGGFace2_ArcFace_Project/data/aligned/train/n006242/0036_01.jpg,/mnt/c/Users/ansar/Desktop/VGGFace2_ArcFace_Project/data/aligned/train/n006242/0393_01.jpg,0.021737715229392,112,112,12544,879.6740715284241,101.54464285714286,93.81403807764418,112,112,12544,233.29772338485878,84.78196747448979,77.20996929891405,556.4858974566414,93.16330516581633,85.51200368827912,646.3763481435653,16.76267538265307,16.604068778730138
hard_genuine,/mnt/c/Users/ansar/Desktop/VGGFace2_ArcFace_Project/data/aligned/train/n004784/0241_02.jpg,/mnt/c/Users/ansar/Desktop/VGGFace2_ArcFace_Project/data/aligned/train/n004784/0331_01.jpg,0.0223345849663019,112,112,12544,174.44920672599793,90.40162627551021,80.38460473546957,112,112,12544,1868.244248046621,66.90752551020408,72.6734393642544,1021.3467273863095,78.65457589285714,76.529022049862,1693.7950413206229,23.49410076530613,7.711165371215159
hard_genuine,/mnt/c/Users/ansar/Desktop/VGGFace2_ArcFace_Project/data/aligned/train/n004805/0159_02.jpg,/mnt/c/Users/ansar/Desktop/VGGFace2_ArcFace_Project/data/aligned/train/n004805/0390_01.jpg,0.0253619421273469,112,112,12544,982.6953844342913,88.42004145408163,86.61314311025237,112,112,12544,756.7004935420687,66.9243463010204,68.08574697905871,869.69793898818,77.67219387755102,77.34944504465554,225.99489089222266,21.49569515306122,18.527396131193655
hard_genuine,/mnt/c/Users/ansar/Desktop/VGGFace2_ArcFace_Project/data/aligned/train/n004371/0367_02.jpg,/mnt/c/Users/ansar/Desktop/VGGFace2_ArcFace_Project/data/aligned/train/n004371/0504_01.jpg,0.0259373001754283,112,112,12544,113.42911329035061,46.35873724489796,43.53666617015561,112,112,12544,414.6307906818509,85.99960140306122,66.7780738312474,264.02995198610074,66.1791693239796,55.157370000701505,301.2016773915003,39.64086415816326,23.241407661091785
hard_genuine,/mnt/c/Users/ansar/Desktop/VGGFace2_ArcFace_Project/data/aligned/train/n000506/0153_01.jpg,/mnt/c/Users/ansar/Desktop/VGGFace2_ArcFace_Project/data/aligned/train/n000506/0223_01.jpg,0.0265866443514823,112,112,12544,257.5741614008486,72.87842793367346,67.27008249535352,112,112,12544,1146.7813033771633,52.26690051020408,61.44129878604139,702.177732389006,62.57266422193877,64.35569064069746,889.2071419763147,20.611527423469383,5.828783709312127
hard_genuine,/mnt/c/Users/ansar/Desktop/VGGFace2_ArcFace_Project/data/aligned/train/n009058/0137_05.jpg,/mnt/c/Users/ansar/Desktop/VGGFace2_ArcFace_Project/data/aligned/train/n009058/0255_04.jpg,0.0271692834794521,112,112,12544,305.90582368811783,127.76682079081633,80.95708727551268,112,112,12544,119.97137575733419,98.52614795918367,84.1213721203279,212.938599722726,113.146484375,82.53922969792029,185.93444793078365,29.24067283163265,3.164284844815228
hard_genuine,/mnt/c/Users/ansar/Desktop/VGGFace2_ArcFace_Project/data/aligned/train/n002795/0021_01.jpg,/mnt/c/Users/ansar/Desktop/VGGFace2_ArcFace_Project/data/aligned/train/n002795/0083_01.jpg,0.0272787995636463,112,112,12544,791.3745273524947,99.73804209183673,85.53961425193988,112,112,12544,371.216789528411,102.20113201530613,82.7707964611026,581.2956584404528,100.96958705357143,84.15520535652124,420.1577378240837,2.463089923469397,2.768817790837275
hard_genuine,/mnt/c/Users/ansar/Desktop/VGGFace2_ArcFace_Project/data/aligned/train/n004688/0267_01.jpg,/mnt/c/Users/ansar/Desktop/VGGFace2_ArcFace_Project/data/aligned/train/n004688/0468_01.jpg,0.0282450262457132,112,112,12544,344.93990612228623,62.939811862244895,56.17992485850672,112,112,12544,39.82909047906472,86.72441007653062,68.25525151594789,192.3844983006755,74.83211096938776,62.21758818722731,305.1108156432215,23.784598214285722,12.075326657441167
hard_genuine,/mnt/c/Users/ansar/Desktop/VGGFace2_ArcFace_Project/data/aligned/train/n001854/0039_01.jpg,/mnt/c/Users/ansar/Desktop/VGGFace2_ArcFace_Project/data/aligned/train/n001854/0302_01.jpg,0.0286367163062095,112,112,12544,129.4341843687262,99.45910395408163,68.19573947366776,112,112,12544,1106.2617528137691,61.856425382653065,63.76623844189206,617.8479685912476,80.65776466836735,65.98098895777991,976.827568445043,37.60267857142856,4.4295010317757
hard_genuine,/mnt/c/Users/ansar/Desktop/VGGFace2_ArcFace_Project/data/aligned/train/n009254/0208_01.jpg,/mnt/c/Users/ansar/Desktop/VGGFace2_ArcFace_Project/data/aligned/train/n009254/0259_01.jpg,0.0289091281592845,112,112,12544,324.8736967240111,42.02925701530612,46.95160089989233,112,112,12544,372.4241856166295,57.065210459183675,59.13523599873958,348.6489411703203,49.547233737244895,53.04341844931595,47.550488892618375,15.035953443877553,12.183635098847255
hard_genuine,/mnt/c/Users/ansar/Desktop/VGGFace2_ArcFace_Project/data/aligned/train/n006464/0279_02.jpg,/mnt/c/Users/ansar/Desktop/VGGFace2_ArcFace_Project/data/aligned/train/n006464/0654_04.jpg,0.0292172227054834,112,112,12544,44.00465081662548,63.61017219387755,64.93500954129838,112,112,12544,608.5841260955315,112.4696269132653,90.24863810338867,326.2943884560785,88.03989955357143,77.59182382234353,564.579475278906,48.85945471938775,25.313628562090287
hard_genuine,/mnt/c/Users/ansar/Desktop/VGGFace2_ArcFace_Project/data/aligned/train/n003155/0515_02.jpg,/mnt/c/Users/ansar/Desktop/VGGFace2_ArcFace_Project/data/aligned/train/n003155/1055_01.jpg,0.0295794401317834,112,112,12544,38.724324637480144,59.85411352040816,58.58029320150119,112,112,12544,594.4809924613828,97.16254783163265,83.02594871769212,316.60265854943145,78.5083306760204,70.80312095959665,555.7566678239027,37.30843431122449,24.445655516190925
hard_genuine,/mnt/c/Users/ansar/Desktop/VGGFace2_ArcFace_Project/data/aligned/train/n002177/0018_01.jpg,/mnt/c/Users/ansar/Desktop/VGGFace2_ArcFace_Project/data/aligned/train/n002177/0113_03.jpg,0.0296562574803829,112,112,12544,156.42182738698554,111.87627551020408,82.62268725131237,112,112,12544,163.40068987775277,74.77814094387755,53.25325871377025,159.91125863236914,93.32720822704081,67.93797298254131,6.978862490767227,37.098134566326536,29.36942853754212
hard_genuine,/mnt/c/Users/ansar/Desktop/VGGFace2_ArcFace_Project/data/aligned/train/n006656/0164_01.jpg,/mnt/c/Users/ansar/Desktop/VGGFace2_ArcFace_Project/data/aligned/train/n006656/0253_08.jpg,0.0300602950155735,112,112,12544,402.819749481824,111.3842474489796,92.42660402007458,112,112,12544,296.2773164735641,60.97217793367347,67.52982929930172,349.54853297769404,86.17821269132654,79.97821665968814,106.54243300825988,50.41206951530612,24.896774720772854
hard_genuine,/mnt/c/Users/ansar/Desktop/VGGFace2_ArcFace_Project/data/aligned/train/n006280/0028_01.jpg,/mnt/c/Users/ansar/Desktop/VGGFace2_ArcFace_Project/data/aligned/train/n006280/0232_02.jpg,0.031297817826271,112,112,12544,566.3959430089249,66.17235331632654,64.65119407327028,112,112,12544,152.9816473564075,45.095982142857146,51.62352406033363,359.6887951826662,55.63416772959184,58.13735906680195,413.41429565251735,21.07637117346939,13.027670012936646
hard_genuine,/mnt/c/Users/ansar/Desktop/VGGFace2_ArcFace_Project/data/aligned/train/n005193/0064_01.jpg,/mnt/c/Users/ansar/Desktop/VGGFace2_ArcFace_Project/data/aligned/train/n005193/0083_03.jpg,0.0347026772797107,112,112,12544,759.5564883485132,88.79575892857143,80.36786373640977,112,112,12544,192.43597129303828,94.00207270408163,69.83922061975868,475.99622982077574,91.39891581632654,75.10354217808423,567.1205170554749,5.206313775510196,10.528643116651097
hard_genuine,/mnt/c/Users/ansar/Desktop/VGGFace2_ArcFace_Project/data/aligned/train/n008649/0176_01.jpg,/mnt/c/Users/ansar/Desktop/VGGFace2_ArcFace_Project/data/aligned/train/n008649/0369_01.jpg,0.03550411388278,112,112,12544,212.31915064584905,64.72624362244898,65.04439584753048,112,112,12544,105.24793296473962,29.904257015306122,30.32105524741176,158.78354180529433,47.315250318877546,47.68272554747112,107.07121768110943,34.821986607142854,34.72334060011872
hard_genuine,/mnt/c/Users/ansar/Desktop/VGGFace2_ArcFace_Project/data/aligned/train/n001902/0052_01.jpg,/mnt/c/Users/ansar/Desktop/VGGFace2_ArcFace_Project/data/aligned/train/n001902/0124_01.jpg,0.0357146933674812,112,112,12544,196.0866399254217,73.14373405612245,60.444996189702515,112,112,12544,839.6256964197757,65.18510841836735,67.77249429966362,517.8561681725987,69.16442123724491,64.10874524468306,643.5390564943541,7.958625637755105,7.327498109961105
hard_genuine,/mnt/c/Users/ansar/Desktop/VGGFace2_ArcFace_Project/data/aligned/train/n002435/0029_03.jpg,/mnt/c/Users/ansar/Desktop/VGGFace2_ArcFace_Project/data/aligned/train/n002435/0718_03.jpg,0.0370384566485881,112,112,12544,517.9354626815649,117.1187818877551,100.36583870839048,112,112,12544,128.60320655349292,78.95216836734694,81.93470487311907,323.2693346175289,98.03547512755102,91.15027179075477,389.332256128072,38.16661352040816,18.43113383527141
hard_genuine,/mnt/c/Users/ansar/Desktop/VGGFace2_ArcFace_Project/data/aligned/train/n000181/0290_02.jpg,/mnt/c/Users/ansar/Desktop/VGGFace2_ArcFace_Project/data/aligned/train/n000181/0306_01.jpg,0.0380719192326068,112,112,12544,861.1497811123214,68.26395089285714,75.91599912848517,112,112,12544,1406.5725415669497,104.23365752551021,90.14234781213679,1133.8611613396356,86.24880420918367,83.02917347031098,545.4227604546282,35.96970663265307,14.226348683651622
hard_genuine,/mnt/c/Users/ansar/Desktop/VGGFace2_ArcFace_Project/data/aligned/train/n007374/0074_01.jpg,/mnt/c/Users/ansar/Desktop/VGGFace2_ArcFace_Project/data/aligned/train/n007374/0181_01.jpg,0.038219716399908,112,112,12544,412.64217129174693,89.62332589285714,70.06972043505382,112,112,12544,182.84764445478447,90.73860012755102,82.81786893927179,297.7449078732657,90.18096301020408,76.44379468716281,229.79452683696246,1.115274234693885,12.748148504217966
hard_genuine,/mnt/c/Users/ansar/Desktop/VGGFace2_ArcFace_Project/data/aligned/train/n007549/0018_01.jpg,/mnt/c/Users/ansar/Desktop/VGGFace2_ArcFace_Project/data/aligned/train/n007549/0257_01.jpg,0.0382666774094104,112,112,12544,427.10839192979483,77.02080676020408,66.16752156121024,112,112,12544,2114.0764480902226,52.59064094387755,59.874871477727574,1270.5924200100087,64.80572385204081,63.0211965194689,1686.9680561604278,24.43016581632653,6.292650083482663
hard_genuine,/mnt/c/Users/ansar/Desktop/VGGFace2_ArcFace_Project/data/aligned/train/n003656/0046_01.jpg,/mnt/c/Users/ansar/Desktop/VGGFace2_ArcFace_Project/data/aligned/train/n003656/0337_01.jpg,0.0383619740605354,112,112,12544,1117.347296063774,45.545280612244895,56.28969707557532,112,112,12544,178.73465717002682,40.28451849489796,49.99477934598384,648.0409766169004,42.91489955357143,53.14223821077958,938.6126388937471,5.260762117346935,6.294917729591482
hard_impostor,/mnt/c/Users/ansar/Desktop/VGGFace2_ArcFace_Project/data/aligned/train/n002705/0308_01.jpg,/mnt/c/Users/ansar/Desktop/VGGFace2_ArcFace_Project/data/aligned/train/n000005/0176_02.jpg,0.9717360734939576,112,112,12544,1866.8673443967032,35.249043367346935,54.79851195379452,112,112,12544,407.4883450814358,52.747767857142854,58.433421592853435,1137.1778447390695,43.998405612244895,56.615966773323976,1459.3789993152673,17.49872448979592,3.634909639058918
hard_impostor,/mnt/c/Users/ansar/Desktop/VGGFace2_ArcFace_Project/data/aligned/train/n008254/0237_02.jpg,/mnt/c/Users/ansar/Desktop/VGGFace2_ArcFace_Project/data/aligned/train/n003332/0090_01.jpg,0.969086766242981,112,112,12544,441.9412846118398,40.57916135204081,54.46426038697994,112,112,12544,143.59831899367288,58.07684948979592,54.13443582993459,292.7698018027563,49.328005420918366,54.29934810845727,298.34296561816694,17.497688137755105,0.32982455704534885
hard_impostor,/mnt/c/Users/ansar/Desktop/VGGFace2_ArcFace_Project/data/aligned/train/n006487/0116_01.jpg,/mnt/c/Users/ansar/Desktop/VGGFace2_ArcFace_Project/data/aligned/train/n000130/0327_04.jpg,0.948597490787506,112,112,12544,170.27576415075058,78.63544323979592,80.77741678226997,112,112,12544,99.57384607584362,69.24091198979592,78.6107429868449,134.9248051132971,73.93817761479592,79.69407988455742,70.70191807490696,9.39453125,2.166673795425069
hard_impostor,/mnt/c/Users/ansar/Desktop/VGGFace2_ArcFace_Project/data/aligned/train/n000366/0202_01.jpg,/mnt/c/Users/ansar/Desktop/VGGFace2_ArcFace_Project/data/aligned/train/n005807/0306_01.jpg,0.9223922491073608,112,112,12544,211.71778764768422,34.09741709183673,34.81244499078956,112,112,12544,836.6712021643001,65.61623086734694,71.99244981017934,524.1944949059922,49.85682397959184,53.40244740048445,624.9534145166159,31.51881377551021,37.18000481938978
hard_impostor,/mnt/c/Users/ansar/Desktop/VGGFace2_ArcFace_Project/data/aligned/train/n002885/0603_04.jpg,/mnt/c/Users/ansar/Desktop/VGGFace2_ArcFace_Project/data/aligned/train/n009108/0317_01.jpg,0.9222070574760436,112,112,12544,443.0193802953908,40.069116709183675,55.899163179617744,112,112,12544,1046.4409666685003,53.86607142857143,61.998902562909144,744.7301734819456,46.96759406887755,58.94903287126344,603.4215863731094,13.796954719387756,6.0997393832914
hard_impostor,/mnt/c/Users/ansar/Desktop/VGGFace2_ArcFace_Project/data/aligned/train/n007718/0208_03.jpg,/mnt/c/Users/ansar/Desktop/VGGFace2_ArcFace_Project/data/aligned/train/n004980/0372_01.jpg,0.914865791797638,112,112,12544,49.67479360406471,90.22640306122449,67.17910128765593,112,112,12544,491.4727836014677,71.12691326530613,75.21320670717444,270.57378860276623,80.6766581632653,71.19615399741518,441.797989997403,19.09948979591836,8.03410541951851
hard_impostor,/mnt/c/Users/ansar/Desktop/VGGFace2_ArcFace_Project/data/aligned/train/n001443/0241_01.jpg,/mnt/c/Users/ansar/Desktop/VGGFace2_ArcFace_Project/data/aligned/train/n001612/0224_01.jpg,0.8649474382400513,112,112,12544,79.0223067862349,51.187579719387756,57.05638101239446,112,112,12544,281.4782255681938,45.0202487244898,52.321365230964815,180.25026617721437,48.10391422193878,54.688873121679634,202.4559187819589,6.167330994897959,4.735015781429645
hard_impostor,/mnt/c/Users/ansar/Desktop/VGGFace2_ArcFace_Project/data/aligned/train/n008130/0224_02.jpg,/mnt/c/Users/ansar/Desktop/VGGFace2_ArcFace_Project/data/aligned/train/n003594/0359_01.jpg,0.8602469563484192,112,112,12544,249.54553705014473,86.68885522959184,76.32647375882996,112,112,12544,4504.358324711047,94.14764030612245,75.81332101726278,2376.951930880596,90.41824776785714,76.06989738804637,4254.812787660902,7.458785076530617,0.5131527415671826
hard_impostor,/mnt/c/Users/ansar/Desktop/VGGFace2_ArcFace_Project/data/aligned/train/n009009/0415_02.jpg,/mnt/c/Users/ansar/Desktop/VGGFace2_ArcFace_Project/data/aligned/train/n008578/0144_01.jpg,0.8499653339385986,112,112,12544,254.6516123894402,55.44228316326531,48.972188110269016,112,112,12544,758.38511856632,28.695232780612244,50.73779469174614,506.5183654778801,42.06875797193878,49.85499140100758,503.7335061768798,26.747050382653065,1.7656065814771225
hard_impostor,/mnt/c/Users/ansar/Desktop/VGGFace2_ArcFace_Project/data/aligned/train/n006504/0197_01.jpg,/mnt/c/Users/ansar/Desktop/VGGFace2_ArcFace_Project/data/aligned/train/n007218/0278_02.jpg,0.8014299273490906,112,112,12544,1279.7408663341773,61.02479272959184,75.96539143522723,112,112,12544,600.7663308572193,48.17075892857143,57.77094565213014,940.2535985956983,54.597775829081634,66.86816854367868,678.9745354769581,12.854033801020407,18.194445783097095
hard_impostor,/mnt/c/Users/ansar/Desktop/VGGFace2_ArcFace_Project/data/aligned/train/n005118/0228_01.jpg,/mnt/c/Users/ansar/Desktop/VGGFace2_ArcFace_Project/data/aligned/train/n007491/0422_01.jpg,0.7938125729560852,112,112,12544,43.27249019675233,66.0404974489796,53.64206312668481,112,112,12544,159.48947845802167,56.30859375,63.926137494564706,101.380984327387,61.1745455994898,58.78410031062476,116.21698826126934,9.731903698979593,10.284074367879896
hard_impostor,/mnt/c/Users/ansar/Desktop/VGGFace2_ArcFace_Project/data/aligned/train/n008099/0289_01.jpg,/mnt/c/Users/ansar/Desktop/VGGFace2_ArcFace_Project/data/aligned/train/n004973/0150_07.jpg,0.7823165655136108,112,112,12544,127.94185202144574,38.55317283163265,36.96947700533422,112,112,12544,123.37637391382334,58.962133290816325,43.009833108790474,125.65911296763454,48.75765306122449,39.98965505706235,4.565478107622397,20.408960459183675,6.040356103456254
hard_impostor,/mnt/c/Users/ansar/Desktop/VGGFace2_ArcFace_Project/data/aligned/train/n000622/0248_02.jpg,/mnt/c/Users/ansar/Desktop/VGGFace2_ArcFace_Project/data/aligned/train/n000475/0173_01.jpg,0.7530239820480347,112,112,12544,116.96525210849646,39.57334183673469,39.42495264909202,112,112,12544,596.5596464157899,32.482780612244895,47.73025412513355,356.76244926214315,36.02806122448979,43.57760338711279,479.59439430729344,7.090561224489797,8.305301476041528
hard_impostor,/mnt/c/Users/ansar/Desktop/VGGFace2_ArcFace_Project/data/aligned/train/n007856/0304_01.jpg,/mnt/c/Users/ansar/Desktop/VGGFace2_ArcFace_Project/data/aligned/train/n002645/0300_01.jpg,0.7156751155853271,112,112,12544,1801.0792858563875,64.8407206632653,67.11149162896261,112,112,12544,1650.6423525669236,59.068239795918366,64.8046647859869,1725.8608192116556,61.95448022959184,65.95807820747476,150.43693328946392,5.772480867346935,2.3068268429757097
hard_impostor,/mnt/c/Users/ansar/Desktop/VGGFace2_ArcFace_Project/data/aligned/train/n005655/0630_01.jpg,/mnt/c/Users/ansar/Desktop/VGGFace2_ArcFace_Project/data/aligned/train/n001427/0357_03.jpg,0.7148692607879639,112,112,12544,422.6881573735451,50.330197704081634,62.52806533205787,112,112,12544,59.27576664198145,85.26618303571429,73.8114001017753,240.9819620077633,67.79819036989797,68.16973271691658,363.4123907315636,34.93598533163266,11.283334769717435
hard_impostor,/mnt/c/Users/ansar/Desktop/VGGFace2_ArcFace_Project/data/aligned/train/n002901/0163_01.jpg,/mnt/c/Users/ansar/Desktop/VGGFace2_ArcFace_Project/data/aligned/train/n006255/0152_03.jpg,0.714608371257782,112,112,12544,222.5948230023684,58.98844068877551,72.49949931867705,112,112,12544,245.10838682022953,47.02997448979592,61.01302471143457,233.85160491129898,53.009207589285715,66.75626201505581,22.513563817861126,11.958466198979593,11.486474607242485
hard_impostor,/mnt/c/Users/ansar/Desktop/VGGFace2_ArcFace_Project/data/aligned/train/n000923/0226_01.jpg,/mnt/c/Users/ansar/Desktop/VGGFace2_ArcFace_Project/data/aligned/train/n006226/0262_01.jpg,0.7037510275840759,112,112,12544,140.6977037702288,102.16430165816327,86.20668942443648,112,112,12544,338.06338250582445,61.0344387755102,72.76943749513593,239.3805431380266,81.59937021683673,79.4880634597862,197.36567873559565,41.129862882653065,13.437251929300544
hard_impostor,/mnt/c/Users/ansar/Desktop/VGGFace2_ArcFace_Project/data/aligned/train/n008417/0392_01.jpg,/mnt/c/Users/ansar/Desktop/VGGFace2_ArcFace_Project/data/aligned/train/n001490/0096_02.jpg,0.7006801962852478,112,112,12544,261.12427041889083,78.08665497448979,68.76539183340796,112,112,12544,526.3299821109288,70.65529336734694,70.36470198725901,393.72712626490977,74.37097417091837,69.56504691033348,265.20571169203794,7.431361607142847,1.5993101538510501
hard_impostor,/mnt/c/Users/ansar/Desktop/VGGFace2_ArcFace_Project/data/aligned/train/n004562/0228_02.jpg,/mnt/c/Users/ansar/Desktop/VGGFace2_ArcFace_Project/data/aligned/train/n003427/0151_01.jpg,0.6900041103363037,112,112,12544,296.598017065389,97.75374681122449,95.15833690194228,112,112,12544,1260.3249040354992,47.85889668367347,66.80324460001039,778.4614605504441,72.80632174744898,80.98079075097633,963.7268869701102,49.89485012755102,28.35509230193189
hard_impostor,/mnt/c/Users/ansar/Desktop/VGGFace2_ArcFace_Project/data/aligned/train/n007224/0290_02.jpg,/mnt/c/Users/ansar/Desktop/VGGFace2_ArcFace_Project/data/aligned/train/n000916/0325_04.jpg,0.6746336221694946,112,112,12544,525.02346438877,65.0335618622449,69.00253414641315,112,112,12544,197.43312333951837,52.597735969387756,50.39542948002533,361.2282938641442,58.815648915816325,59.69898181321924,327.5903410492516,12.435825892857139,18.607104666387826
hard_impostor,/mnt/c/Users/ansar/Desktop/VGGFace2_ArcFace_Project/data/aligned/train/n004077/0188_01.jpg,/mnt/c/Users/ansar/Desktop/VGGFace2_ArcFace_Project/data/aligned/train/n000635/0209_01.jpg,0.6615809202194214,112,112,12544,215.02553206590355,63.73541135204081,67.68091827717964,112,112,12544,1241.6379486045853,61.553730867346935,77.88209779122056,728.3317403352444,62.64457110969387,72.7815080342001,1026.6124165386818,2.181680484693878,10.201179514040916
hard_impostor,/mnt/c/Users/ansar/Desktop/VGGFace2_ArcFace_Project/data/aligned/train/n003355/0537_01.jpg,/mnt/c/Users/ansar/Desktop/VGGFace2_ArcFace_Project/data/aligned/train/n000948/0225_01.jpg,0.6542245149612427,112,112,12544,147.30522558044663,80.3890306122449,77.68457054554658,112,112,12544,99.98938007982312,82.73732461734694,82.77847803475545,123.64730283013488,81.56317761479592,80.23152429015101,47.31584550062351,2.3482940051020478,5.093907489208874
hard_impostor,/mnt/c/Users/ansar/Desktop/VGGFace2_ArcFace_Project/data/aligned/train/n009009/0441_01.jpg,/mnt/c/Users/ansar/Desktop/VGGFace2_ArcFace_Project/data/aligned/train/n001476/0463_02.jpg,0.6484581828117371,112,112,12544,329.70557830314846,10.58235012755102,19.30846238652893,112,112,12544,1325.9943078870028,52.872927295918366,71.06795321170681,827.8499430950757,31.72763871173469,45.18820779911787,996.2887295838543,42.29057716836735,51.75949082517788
hard_impostor,/mnt/c/Users/ansar/Desktop/VGGFace2_ArcFace_Project/data/aligned/train/n001667/0098_01.jpg,/mnt/c/Users/ansar/Desktop/VGGFace2_ArcFace_Project/data/aligned/train/n005183/0177_02.jpg,0.636897623538971,112,112,12544,302.72120950580484,50.86870216836735,72.03511378060364,112,112,12544,705.606475404281,52.040896045918366,55.13360975929255,504.1638424550429,51.45479910714286,63.58436176994809,402.8852658984762,1.1721938775510168,16.90150402131109
hard_impostor,/mnt/c/Users/ansar/Desktop/VGGFace2_ArcFace_Project/data/aligned/train/n005236/0285_01.jpg,/mnt/c/Users/ansar/Desktop/VGGFace2_ArcFace_Project/data/aligned/train/n004004/0416_02.jpg,0.6261729598045349,112,112,12544,560.1530221528383,55.69292091836735,58.41524877266481,112,112,12544,341.7910021774374,55.836256377551024,63.70707317653186,450.9720121651378,55.76458864795919,61.06116097459834,218.36201997540087,0.14333545918367463,5.2918244038670466
hard_impostor,/mnt/c/Users/ansar/Desktop/VGGFace2_ArcFace_Project/data/aligned/train/n001998/0824_05.jpg,/mnt/c/Users/ansar/Desktop/VGGFace2_ArcFace_Project/data/aligned/train/n003843/0344_01.jpg,0.6250548362731934,112,112,12544,78.14037923244872,58.637914540816325,58.72005411347672,112,112,12544,81.25378900326972,62.41254783163265,52.03723866603218,79.69708411785922,60.52523118622449,55.37864638975445,3.1134097708209936,3.7746332908163254,6.68281544744454
hard_impostor,/mnt/c/Users/ansar/Desktop/VGGFace2_ArcFace_Project/data/aligned/train/n008232/0095_01.jpg,/mnt/c/Users/ansar/Desktop/VGGFace2_ArcFace_Project/data/aligned/train/n008469/0040_01.jpg,0.6094355583190918,112,112,12544,753.8670248073719,50.63632015306123,79.70472997627795,112,112,12544,791.6295001734202,58.64325573979592,63.3652282406281,772.748262490396,54.63978794642857,71.53497910845303,37.76247536604831,8.006935586734691,16.339501735649847
hard_impostor,/mnt/c/Users/ansar/Desktop/VGGFace2_ArcFace_Project/data/aligned/train/n009096/0096_07.jpg,/mnt/c/Users/ansar/Desktop/VGGFace2_ArcFace_Project/data/aligned/train/n005615/0104_01.jpg,0.5954307317733765,112,112,12544,723.1150646090557,73.23907844387755,73.41587013407654,112,112,12544,102.92296111946153,84.97544642857143,64.49957015502781,413.0190128642586,79.10726243622449,68.95772014455218,620.1921034895942,11.736367984693885,8.91629997904873
hard_impostor,/mnt/c/Users/ansar/Desktop/VGGFace2_ArcFace_Project/data/aligned/train/n000089/0300_01.jpg,/mnt/c/Users/ansar/Desktop/VGGFace2_ArcFace_Project/data/aligned/train/n001249/0379_03.jpg,0.5534651279449463,112,112,12544,1261.3793118058618,77.16924426020408,80.51772035997493,112,112,12544,110.60396688732192,71.89971301020408,70.90743363939919,685.9916393465919,74.53447863520408,75.71257699968706,1150.7753449185398,5.26953125,9.610286720575743
hard_impostor,/mnt/c/Users/ansar/Desktop/VGGFace2_ArcFace_Project/data/aligned/train/n001017/0277_01.jpg,/mnt/c/Users/ansar/Desktop/VGGFace2_ArcFace_Project/data/aligned/train/n004385/0234_03.jpg,0.5430449843406677,112,112,12544,389.5863644092692,46.54097576530612,47.8635997596926,112,112,12544,74.54716809458259,62.98325892857143,68.0211449086643,232.0667662519259,54.76211734693878,57.942372334178444,315.0391963146866,16.44228316326531,20.1575451489717
hard_impostor,/mnt/c/Users/ansar/Desktop/VGGFace2_ArcFace_Project/data/aligned/train/n003803/0320_01.jpg,/mnt/c/Users/ansar/Desktop/VGGFace2_ArcFace_Project/data/aligned/train/n003439/0465_01.jpg,0.5412401556968689,112,112,12544,330.39505262267636,64.9115911989796,74.50557423901196,112,112,12544,2240.233658745705,54.208864795918366,53.84723997614034,1285.3143556841906,59.560227997448976,64.17640710757615,1909.8386061230285,10.702726403061227,20.658334262871627
hard_impostor,/mnt/c/Users/ansar/Desktop/VGGFace2_ArcFace_Project/data/aligned/train/n008371/0111_01.jpg,/mnt/c/Users/ansar/Desktop/VGGFace2_ArcFace_Project/data/aligned/train/n001426/0317_02.jpg,0.5336377620697021,112,112,12544,2551.785156224579,46.6843112244898,48.252463284748444,112,112,12544,155.57344864825814,51.721061862244895,59.418455496519236,1353.6793024364188,49.20268654336735,53.835459390633844,2396.211707576321,5.036750637755098,11.165992211770792
hard_impostor,/mnt/c/Users/ansar/Desktop/VGGFace2_ArcFace_Project/data/aligned/train/n008419/0305_01.jpg,/mnt/c/Users/ansar/Desktop/VGGFace2_ArcFace_Project/data/aligned/train/n004127/0063_01.jpg,0.5332978367805481,112,112,12544,793.2054336083924,42.49689094387755,62.12860948556052,112,112,12544,391.8836758830854,61.591677295918366,70.67021566588862,592.5445547457389,52.04428411989796,66.39941257572457,401.32175772530695,19.094786352040813,8.541606180328102
hard_impostor,/mnt/c/Users/ansar/Desktop/VGGFace2_ArcFace_Project/data/aligned/train/n003300/0233_01.jpg,/mnt/c/Users/ansar/Desktop/VGGFace2_ArcFace_Project/data/aligned/train/n006552/0070_01.jpg,0.5276561379432678,112,112,12544,479.4208361058869,82.22727997448979,80.96870509119451,112,112,12544,1056.271569559843,68.76873405612245,78.22011459928608,767.846202832865,75.49800701530611,79.59440984524029,576.8507334539562,13.458545918367335,2.7485904919084305
hard_impostor,/mnt/c/Users/ansar/Desktop/VGGFace2_ArcFace_Project/data/aligned/train/n005749/0189_01.jpg,/mnt/c/Users/ansar/Desktop/VGGFace2_ArcFace_Project/data/aligned/train/n001606/0298_01.jpg,0.5185967087745667,112,112,12544,505.3618263648183,99.85076530612245,100.7216549326583,112,112,12544,2821.305287473552,73.27463329081633,82.24809586623816,1663.3335569191852,86.5626992984694,91.48487539944823,2315.943461108734,26.57613201530613,18.473559066420137
hard_impostor,/mnt/c/Users/ansar/Desktop/VGGFace2_ArcFace_Project/data/aligned/train/n007107/0163_04.jpg,/mnt/c/Users/ansar/Desktop/VGGFace2_ArcFace_Project/data/aligned/train/n001556/0011_01.jpg,0.5115311145782471,112,112,12544,89.60730796473963,50.538504464285715,48.18185698643559,112,112,12544,92.97493643166868,46.134486607142854,52.93255368150451,91.29112219820416,48.336495535714285,50.557205333970046,3.367628466929048,4.404017857142861,4.750696695068918
hard_impostor,/mnt/c/Users/ansar/Desktop/VGGFace2_ArcFace_Project/data/aligned/train/n004892/0074_01.jpg,/mnt/c/Users/ansar/Desktop/VGGFace2_ArcFace_Project/data/aligned/train/n001383/0414_01.jpg,0.5084683299064636,112,112,12544,248.82921971166596,63.338169642857146,64.39220933805197,112,112,12544,251.50661639777982,45.244021045918366,46.83121428772504,250.1679180547229,54.291095344387756,55.6117118128885,2.677396686113866,18.09414859693878,17.56099505032693
hard_impostor,/mnt/c/Users/ansar/Desktop/VGGFace2_ArcFace_Project/data/aligned/train/n003567/0291_01.jpg,/mnt/c/Users/ansar/Desktop/VGGFace2_ArcFace_Project/data/aligned/train/n008583/0079_16.jpg,0.5016638040542603,112,112,12544,1268.4214088284239,109.79201211734694,94.14691588012668,112,112,12544,78.5980121147032,73.4014668367347,64.03709253071352,673.5097104715635,91.59673947704081,79.0920042054201,1189.8233967137207,36.390545280612244,30.109823349413162
hard_impostor,/mnt/c/Users/ansar/Desktop/VGGFace2_ArcFace_Project/data/aligned/train/n005883/0221_01.jpg,/mnt/c/Users/ansar/Desktop/VGGFace2_ArcFace_Project/data/aligned/train/n006709/0229_01.jpg,0.4843614101409912,112,112,12544,360.03108023405576,57.030054209183675,63.47697617459437,112,112,12544,70.8569769551485,62.43797831632653,57.17552062214034,215.44402859460212,59.734016262755105,60.326248398367355,289.1741032789073,5.407924107142854,6.30145555245403
hard_impostor,/mnt/c/Users/ansar/Desktop/VGGFace2_ArcFace_Project/data/aligned/train/n009050/0310_01.jpg,/mnt/c/Users/ansar/Desktop/VGGFace2_ArcFace_Project/data/aligned/train/n004391/0325_01.jpg,0.4832761585712433,112,112,12544,429.2955934333087,76.17689732142857,66.10911477390778,112,112,12544,105.31708630518533,64.93263711734694,63.51361742243845,267.306339869247,70.55476721938776,64.81136609817311,323.97850712812334,11.244260204081627,2.5954973514693265
hard_impostor,/mnt/c/Users/ansar/Desktop/VGGFace2_ArcFace_Project/data/aligned/train/n003927/0198_03.jpg,/mnt/c/Users/ansar/Desktop/VGGFace2_ArcFace_Project/data/aligned/train/n004714/0241_01.jpg,0.4822405278682709,112,112,12544,2820.1580225107623,83.67761479591837,74.90256440546533,112,112,12544,542.6319649667355,79.62507971938776,67.94201444616264,1681.3949937387488,81.65134725765307,71.42228942581399,2277.526057544027,4.052535076530617,6.960549959302682
hard_impostor,/mnt/c/Users/ansar/Desktop/VGGFace2_ArcFace_Project/data/aligned/train/n008830/0235_01.jpg,/mnt/c/Users/ansar/Desktop/VGGFace2_ArcFace_Project/data/aligned/train/n009195/0234_02.jpg,0.4773782789707184,112,112,12544,1052.8431107959168,55.666374362244895,68.2998264476995,112,112,12544,472.76484041480114,88.69897959183673,89.60965224653246,762.803975605359,72.18267697704081,78.95473934711598,580.0782703811157,33.03260522959184,21.30982579883296
hard_impostor,/mnt/c/Users/ansar/Desktop/VGGFace2_ArcFace_Project/data/aligned/train/n001253/0329_01.jpg,/mnt/c/Users/ansar/Desktop/VGGFace2_ArcFace_Project/data/aligned/train/n006306/0249_01.jpg,0.4745023548603058,112,112,12544,1717.8409850324308,46.20511798469388,64.84637287627808,112,112,12544,66.49934506048912,53.34877232142857,68.46436088814302,892.1701650464599,49.77694515306122,66.65536688221056,1651.3416399719417,7.143654336734691,3.617988011864938
hard_impostor,/mnt/c/Users/ansar/Desktop/VGGFace2_ArcFace_Project/data/aligned/train/n001735/0279_02.jpg,/mnt/c/Users/ansar/Desktop/VGGFace2_ArcFace_Project/data/aligned/train/n003603/0224_02.jpg,0.4719771146774292,112,112,12544,278.9256604253029,62.76586415816327,79.01767117766278,112,112,12544,460.08881868476027,79.23931760204081,84.58032065218345,369.50723955503156,71.00259088010205,81.79899591492311,181.16315825945736,16.473453443877546,5.5626494745206685
hard_impostor,/mnt/c/Users/ansar/Desktop/VGGFace2_ArcFace_Project/data/aligned/train/n004487/0275_01.jpg,/mnt/c/Users/ansar/Desktop/VGGFace2_ArcFace_Project/data/aligned/train/n004483/0437_01.jpg,0.4708356857299804,112,112,12544,325.2726598292378,47.01187818877551,40.641424495908,112,112,12544,119.79747002286646,53.52710459183673,51.7787147243379,222.53506492605214,50.26949139030612,46.21006961012295,205.47518980637133,6.51522640306122,11.137290228429904
hard_impostor,/mnt/c/Users/ansar/Desktop/VGGFace2_ArcFace_Project/data/aligned/train/n005392/0175_01.jpg,/mnt/c/Users/ansar/Desktop/VGGFace2_ArcFace_Project/data/aligned/train/n007234/0107_01.jpg,0.4580374658107757,112,112,12544,1486.6584245331433,64.91852678571429,73.3202982125175,112,112,12544,610.9121716494165,48.86527423469388,57.633413543024005,1048.7852980912799,56.89190051020408,65.47685587777076,875.7462528837268,16.053252551020414,15.686884669493494
hard_impostor,/mnt/c/Users/ansar/Desktop/VGGFace2_ArcFace_Project/data/aligned/train/n001347/0240_01.jpg,/mnt/c/Users/ansar/Desktop/VGGFace2_ArcFace_Project/data/aligned/train/n005902/0490_01.jpg,0.4568362832069397,112,112,12544,404.8206834137713,42.830197704081634,40.381008194354756,112,112,12544,165.99145080108832,88.69459502551021,74.71910248144842,285.4060671074298,65.76239636479592,57.55005533790158,238.82923261268297,45.86439732142858,34.33809428709366
hard_impostor,/mnt/c/Users/ansar/Desktop/VGGFace2_ArcFace_Project/data/aligned/train/n004610/0587_01.jpg,/mnt/c/Users/ansar/Desktop/VGGFace2_ArcFace_Project/data/aligned/train/n006256/0401_02.jpg,0.4534610509872436,112,112,12544,507.659912109375,64.85786033163265,60.34530708985378,112,112,12544,767.7125645724499,41.921795280612244,53.89453623926394,637.6862383409125,53.38982780612245,57.11992166455886,260.0526524630749,22.936065051020407,6.450770850589841
hard_impostor,/mnt/c/Users/ansar/Desktop/VGGFace2_ArcFace_Project/data/aligned/train/n003069/0259_01.jpg,/mnt/c/Users/ansar/Desktop/VGGFace2_ArcFace_Project/data/aligned/train/n008118/0033_01.jpg,0.4502555429935455,112,112,12544,387.51468798579003,63.70033482142857,66.13847018497104,112,112,12544,667.4538284358954,55.265625,57.383956312578036,527.4842582108427,59.482979910714285,61.76121324877454,279.93914045010536,8.43470982142857,8.754513872393005
hard_impostor,/mnt/c/Users/ansar/Desktop/VGGFace2_ArcFace_Project/data/aligned/train/n005241/0198_01.jpg,/mnt/c/Users/ansar/Desktop/VGGFace2_ArcFace_Project/data/aligned/train/n007508/0353_01.jpg,0.4471228420734405,112,112,12544,573.1681216238737,76.10738201530613,77.88982580952728,112,112,12544,1052.2875067263233,50.525669642857146,56.510748914300805,812.7278141750985,63.31652582908164,67.20028736191404,479.11938510244954,25.581712372448983,21.379076895226476
hard_impostor,/mnt/c/Users/ansar/Desktop/VGGFace2_ArcFace_Project/data/aligned/train/n007911/0059_01.jpg,/mnt/c/Users/ansar/Desktop/VGGFace2_ArcFace_Project/data/aligned/train/n005327/0332_01.jpg,0.4441215693950653,112,112,12544,306.6394401909361,45.980548469387756,53.59852086802393,112,112,12544,790.611430595935,44.17402742346939,54.3344728589405,548.6254353934355,45.07728794642857,53.96649686348222,483.97199040499885,1.806521045918366,0.7359519909165684
hard_impostor,/mnt/c/Users/ansar/Desktop/VGGFace2_ArcFace_Project/data/aligned/train/n000959/0292_01.jpg,/mnt/c/Users/ansar/Desktop/VGGFace2_ArcFace_Project/data/aligned/train/n005498/0217_01.jpg,0.4430927038192749,112,112,12544,59.923069545200896,72.94587053571429,64.38912209257971,112,112,12544,186.34589275723943,25.27997448979592,38.06646636784196,123.13448115122016,49.112922512755105,51.22779423021083,126.42282321203854,47.66589604591837,26.32265572473775
hard_impostor,/mnt/c/Users/ansar/Desktop/VGGFace2_ArcFace_Project/data/aligned/train/n003656/0337_01.jpg,/mnt/c/Users/ansar/Desktop/VGGFace2_ArcFace_Project/data/aligned/train/n000028/0106_01.jpg,0.4355843961238861,112,112,12544,178.73465717002682,40.28451849489796,49.99477934598384,112,112,12544,8186.616349200813,107.82557397959184,87.02576953298548,4182.67550318542,74.0550462372449,68.51027443948466,8007.881692030785,67.54105548469389,37.03099018700164
hard_impostor,/mnt/c/Users/ansar/Desktop/VGGFace2_ArcFace_Project/data/aligned/train/n005298/0053_01.jpg,/mnt/c/Users/ansar/Desktop/VGGFace2_ArcFace_Project/data/aligned/train/n006685/0188_01.jpg,0.4351582825183868,112,112,12544,313.0448020671319,74.07421875,64.92469017254236,112,112,12544,407.9160947088697,56.587771045918366,56.559202156142696,360.4804483880008,65.33099489795919,60.74194616434252,94.8712926417378,17.486447704081634,8.36548801639966
hard_impostor,/mnt/c/Users/ansar/Desktop/VGGFace2_ArcFace_Project/data/aligned/train/n006817/0246_01.jpg,/mnt/c/Users/ansar/Desktop/VGGFace2_ArcFace_Project/data/aligned/train/n006310/0340_05.jpg,0.4292669594287872,112,112,12544,1042.0499711868815,60.82637117346939,81.278938055304,112,112,12544,263.62191803601326,39.03316326530612,40.72718134990486,652.8359446114474,49.929767219387756,61.00305970260443,778.4280531508682,21.793207908163268,40.551756705399136
hard_impostor,/mnt/c/Users/ansar/Desktop/VGGFace2_ArcFace_Project/data/aligned/train/n007943/0269_01.jpg,/mnt/c/Users/ansar/Desktop/VGGFace2_ArcFace_Project/data/aligned/train/n000369/0248_01.jpg,0.4275694191455841,112,112,12544,868.3285532629228,57.873405612244895,66.39385311543569,112,112,12544,2551.1093678758425,73.41812818877551,79.46447929232535,1709.7189605693827,65.64576690051021,72.92916620388053,1682.7808146129196,15.544722576530617,13.070626176889661
hard_impostor,/mnt/c/Users/ansar/Desktop/VGGFace2_ArcFace_Project/data/aligned/train/n007147/0488_01.jpg,/mnt/c/Users/ansar/Desktop/VGGFace2_ArcFace_Project/data/aligned/train/n003423/0266_02.jpg,0.4231689572334289,112,112,12544,359.4959031899042,43.01713966836735,58.02349000033092,112,112,12544,679.0882860125726,39.89668367346939,64.47111911128239,519.2920946012384,41.45691167091837,61.24730455580666,319.59238282266836,3.1204559948979593,6.447629110951468
hard_impostor,/mnt/c/Users/ansar/Desktop/VGGFace2_ArcFace_Project/data/aligned/train/n002829/0195_01.jpg,/mnt/c/Users/ansar/Desktop/VGGFace2_ArcFace_Project/data/aligned/train/n004371/0233_01.jpg,0.4197537899017334,112,112,12544,445.7652053483473,62.17530293367347,48.81884652361987,112,112,12544,404.02532165857804,68.10658482142857,58.995403455133726,424.8952635034627,65.14094387755102,53.9071249893768,41.73988368976927,5.931281887755098,10.176556931513858
hard_impostor,/mnt/c/Users/ansar/Desktop/VGGFace2_ArcFace_Project/data/aligned/train/n004186/0034_01.jpg,/mnt/c/Users/ansar/Desktop/VGGFace2_ArcFace_Project/data/aligned/train/n005644/0207_01.jpg,0.4166100621223449,112,112,12544,117.758113659307,48.290656887755105,45.732296487744726,112,112,12544,80.79810859143163,60.521843112244895,56.2639098553876,99.27811112536932,54.40625,50.998103171566164,36.96000506787537,12.23118622448979,10.531613367642876
hard_impostor,/mnt/c/Users/ansar/Desktop/VGGFace2_ArcFace_Project/data/aligned/train/n003918/0308_01.jpg,/mnt/c/Users/ansar/Desktop/VGGFace2_ArcFace_Project/data/aligned/train/n006105/0092_01.jpg,0.4146508574485779,112,112,12544,432.93859384736135,67.51275510204081,65.2256740022061,112,112,12544,626.3362496092834,41.220982142857146,48.32990719676214,529.6374217283224,54.366868622448976,56.77779059948412,193.39765576192207,26.291772959183668,16.895766805443962
hard_impostor,/mnt/c/Users/ansar/Desktop/VGGFace2_ArcFace_Project/data/aligned/train/n004986/0310_01.jpg,/mnt/c/Users/ansar/Desktop/VGGFace2_ArcFace_Project/data/aligned/train/n001634/0150_02.jpg,0.4072890877723694,112,112,12544,240.76870293480215,96.53005420918367,78.60959537168229,112,112,12544,82.80444973997653,68.87189094387755,62.98683045404229,161.78657633738933,82.7009725765306,70.79821291286228,157.96425319482563,27.65816326530613,15.622764917639998
hard_impostor,/mnt/c/Users/ansar/Desktop/VGGFace2_ArcFace_Project/data/aligned/train/n001128/0136_02.jpg,/mnt/c/Users/ansar/Desktop/VGGFace2_ArcFace_Project/data/aligned/train/n002146/0066_02.jpg,0.3930800557136535,112,112,12544,230.17382771191325,69.35331632653062,71.70001553362722,112,112,12544,150.5122161255137,56.714923469387756,68.83833759209415,190.34302191871348,63.03411989795919,70.26917656286068,79.66161158639954,12.638392857142861,2.861677941533074
hard_impostor,/mnt/c/Users/ansar/Desktop/VGGFace2_ArcFace_Project/data/aligned/train/n000037/0154_01.jpg,/mnt/c/Users/ansar/Desktop/VGGFace2_ArcFace_Project/data/aligned/train/n001862/0023_01.jpg,0.3913048505783081,112,112,12544,186.26380281714486,64.46564094387755,57.735004728378385,112,112,12544,344.6529054208777,85.73812181122449,78.79894652863975,265.4583541190113,75.10188137755102,68.26697562850907,158.38910260373282,21.272480867346943,21.06394180026136
hard_impostor,/mnt/c/Users/ansar/Desktop/VGGFace2_ArcFace_Project/data/aligned/train/n005346/0318_01.jpg,/mnt/c/Users/ansar/Desktop/VGGFace2_ArcFace_Project/data/aligned/train/n000008/0223_01.jpg,0.389599084854126,112,112,12544,238.7379210637739,61.15545280612245,56.129486028040624,112,112,12544,231.72013204845473,74.42131696428571,72.56906805286619,235.22902655611432,67.78838488520408,64.3492770404534,7.017789015319181,13.26586415816326,16.43958202482556
hard_impostor,/mnt/c/Users/ansar/Desktop/VGGFace2_ArcFace_Project/data/aligned/train/n003278/0242_01.jpg,/mnt/c/Users/ansar/Desktop/VGGFace2_ArcFace_Project/data/aligned/train/n003880/0255_01.jpg,0.3881380558013916,112,112,12544,3363.7713818532234,37.29671556122449,57.71627445900114,112,112,12544,648.3371887842549,61.93813775510204,68.52649894943369,2006.0542853187392,49.61742665816327,63.121386704217414,2715.4341930689684,24.641422193877553,10.810224490432546
hard_impostor,/mnt/c/Users/ansar/Desktop/VGGFace2_ArcFace_Project/data/aligned/train/n000550/0360_01.jpg,/mnt/c/Users/ansar/Desktop/VGGFace2_ArcFace_Project/data/aligned/train/n002352/0389_01.jpg,0.386797696352005,112,112,12544,75.01726102054442,53.06050701530612,49.613415501274645,112,112,12544,489.20705880606397,60.746651785714285,63.55128521869266,282.1121599133042,56.9035794005102,56.58235035998365,414.18979778551954,7.686144770408163,13.937869717418018
hard_impostor,/mnt/c/Users/ansar/Desktop/VGGFace2_ArcFace_Project/data/aligned/train/n006993/0115_01.jpg,/mnt/c/Users/ansar/Desktop/VGGFace2_ArcFace_Project/data/aligned/train/n003549/0019_01.jpg,0.3865906298160553,112,112,12544,990.6024589300256,105.57716836734694,75.03985511041489,112,112,12544,1127.9820543676055,72.8929368622449,75.92929021202477,1059.2922566488155,89.23505261479592,75.48457266121983,137.37959543757995,32.68423150510205,0.8894351016098767
hard_impostor,/mnt/c/Users/ansar/Desktop/VGGFace2_ArcFace_Project/data/aligned/train/n007603/0082_01.jpg,/mnt/c/Users/ansar/Desktop/VGGFace2_ArcFace_Project/data/aligned/train/n004105/0136_01.jpg,0.3864075243473053,112,112,12544,1261.4608292077194,104.49274553571429,82.1909619138986,112,112,12544,388.59183632796226,44.29376594387755,39.41735500610562,825.0263327678408,74.39325573979592,60.804158460002114,872.8689928797571,60.19897959183674,42.77360690779298
hard_impostor,/mnt/c/Users/ansar/Desktop/VGGFace2_ArcFace_Project/data/aligned/train/n005132/0038_01.jpg,/mnt/c/Users/ansar/Desktop/VGGFace2_ArcFace_Project/data/aligned/train/n006935/0141_01.jpg,0.3850832283496856,112,112,12544,550.0018621950734,85.05157844387755,77.9492020190324,112,112,12544,755.609491217191,47.87810905612245,47.876873788351716,652.8056767061322,66.46484375,62.91303790369206,205.60762902211764,37.1734693877551,30.072328230680682
hard_impostor,/mnt/c/Users/ansar/Desktop/VGGFace2_ArcFace_Project/data/aligned/train/n005865/0350_01.jpg,/mnt/c/Users/ansar/Desktop/VGGFace2_ArcFace_Project/data/aligned/train/n005943/0314_01.jpg,0.3826580047607422,112,112,12544,119.17688339087229,64.39508928571429,66.72333671294754,112,112,12544,84.29913469892102,82.30970982142857,76.63883781635664,101.73800904489666,73.35239955357143,71.68108726465209,34.87774869195127,17.914620535714278,9.915501103409099
hard_impostor,/mnt/c/Users/ansar/Desktop/VGGFace2_ArcFace_Project/data/aligned/train/n005531/0042_02.jpg,/mnt/c/Users/ansar/Desktop/VGGFace2_ArcFace_Project/data/aligned/train/n001482/0057_01.jpg,0.3815967738628387,112,112,12544,470.6461565493545,64.02248086734694,59.64658193859512,112,112,12544,1122.8838463099685,88.9350286989796,79.36786689003252,796.7650014296614,76.47875478316327,69.50722441431381,652.237689760614,24.91254783163265,19.721284951437397
hard_impostor,/mnt/c/Users/ansar/Desktop/VGGFace2_ArcFace_Project/data/aligned/train/n003668/0343_01.jpg,/mnt/c/Users/ansar/Desktop/VGGFace2_ArcFace_Project/data/aligned/train/n000959/0448_01.jpg,0.3809445798397064,112,112,12544,803.2675268196255,72.70631377551021,65.15755535688258,112,112,12544,1614.4878676484796,99.10961415816327,92.52923140254389,1208.8776972340524,85.90796396683675,78.84339337971323,811.2203408288541,26.403300382653057,27.371676045661303
hard_impostor,/mnt/c/Users/ansar/Desktop/VGGFace2_ArcFace_Project/data/aligned/train/n004638/0254_01.jpg,/mnt/c/Users/ansar/Desktop/VGGFace2_ArcFace_Project/data/aligned/train/n001795/0004_01.jpg,0.3795219957828522,112,112,12544,103.68821802739052,61.68463010204081,69.93401499854886,112,112,12544,1179.1989564081373,79.87619579081633,67.90774472071284,641.4435872177639,70.78041294642857,68.92087985963084,1075.5107383807467,18.191565688775512,2.0262702778360193
hard_impostor,/mnt/c/Users/ansar/Desktop/VGGFace2_ArcFace_Project/data/aligned/train/n007678/0078_01.jpg,/mnt/c/Users/ansar/Desktop/VGGFace2_ArcFace_Project/data/aligned/train/n000369/0300_01.jpg,0.3786965608596802,112,112,12544,906.8455292218331,63.572624362244895,60.623417977994784,112,112,12544,416.68897559671586,101.40688775510205,79.9824843532891,661.7672524092745,82.48975605867346,70.30295116564194,490.1565536251172,37.83426339285715,19.35906637529431
hard_impostor,/mnt/c/Users/ansar/Desktop/VGGFace2_ArcFace_Project/data/aligned/train/n007480/0260_02.jpg,/mnt/c/Users/ansar/Desktop/VGGFace2_ArcFace_Project/data/aligned/train/n005555/0309_01.jpg,0.3747195303440094,112,112,12544,361.61105977749133,73.65202487244898,61.790882892148566,112,112,12544,125.08053147182122,57.60857780612245,67.50323010331006,243.34579562465626,65.63030133928571,64.64705649772931,236.53052830567012,16.04344706632653,5.712347211161493
hard_impostor,/mnt/c/Users/ansar/Desktop/VGGFace2_ArcFace_Project/data/aligned/train/n008621/0078_04.jpg,/mnt/c/Users/ansar/Desktop/VGGFace2_ArcFace_Project/data/aligned/train/n005812/0455_01.jpg,0.3740224242210388,112,112,12544,93.87090410505024,67.14397321428571,76.29595991944721,112,112,12544,336.8725410979373,74.77471301020408,63.928740609167875,215.3717226014938,70.9593431122449,70.11235026430754,243.00163699288706,7.630739795918373,12.367219310279339
hard_impostor,/mnt/c/Users/ansar/Desktop/VGGFace2_ArcFace_Project/data/aligned/train/n007509/0309_01.jpg,/mnt/c/Users/ansar/Desktop/VGGFace2_ArcFace_Project/data/aligned/train/n006801/0180_01.jpg,0.3704378604888916,112,112,12544,453.25983189682523,57.565848214285715,76.97993895829535,112,112,12544,67.11402737364477,41.736686862244895,42.08895546258284,260.186929635235,49.6512675382653,59.5344472104391,386.14580452318046,15.82916135204082,34.89098349571251
hard_impostor,/mnt/c/Users/ansar/Desktop/VGGFace2_ArcFace_Project/data/aligned/train/n004656/0068_02.jpg,/mnt/c/Users/ansar/Desktop/VGGFace2_ArcFace_Project/data/aligned/train/n004847/0299_01.jpg,0.3672917783260345,112,112,12544,408.5972567824014,98.37444196428571,83.69690778597958,112,112,12544,1110.6763193558672,113.71085778061224,94.08128807598868,759.6367880691344,106.04264987244898,88.88909793098412,702.0790625734658,15.336415816326536,10.384380290009105
hard_impostor,/mnt/c/Users/ansar/Desktop/VGGFace2_ArcFace_Project/data/aligned/train/n004218/0362_01.jpg,/mnt/c/Users/ansar/Desktop/VGGFace2_ArcFace_Project/data/aligned/train/n005733/0275_01.jpg,0.3662426173686981,112,112,12544,151.08364587265072,82.5834661989796,85.84396561569324,112,112,12544,253.1675290477519,84.72991071428571,83.44570678200989,202.1255874602013,83.65668845663265,84.64483619885156,102.08388317510119,2.146444515306115,2.398258833683343
hard_impostor,/mnt/c/Users/ansar/Desktop/VGGFace2_ArcFace_Project/data/aligned/train/n001382/0332_02.jpg,/mnt/c/Users/ansar/Desktop/VGGFace2_ArcFace_Project/data/aligned/train/n003860/0335_04.jpg,0.3661004900932312,112,112,12544,282.53116915574526,97.02997448979592,80.76911890299841,112,112,12544,544.1492993641972,66.90170599489795,68.58667508810004,413.3402342599712,81.96584024234693,74.67789699554922,261.61813020845193,30.128268494897966,12.182443814898377
hard_impostor,/mnt/c/Users/ansar/Desktop/VGGFace2_ArcFace_Project/data/aligned/train/n005896/0340_12.jpg,/mnt/c/Users/ansar/Desktop/VGGFace2_ArcFace_Project/data/aligned/train/n005378/0025_01.jpg,0.3656685054302215,112,112,12544,882.2317529795121,83.86104910714286,65.8555418493138,112,112,12544,673.5019608973861,86.74760841836735,80.3275813324677,777.866856938449,85.3043287627551,73.09156159089075,208.72979208212598,2.886559311224488,14.472039483153907
hard_impostor,/mnt/c/Users/ansar/Desktop/VGGFace2_ArcFace_Project/data/aligned/train/n000466/0159_01.jpg,/mnt/c/Users/ansar/Desktop/VGGFace2_ArcFace_Project/data/aligned/train/n004542/0290_01.jpg,0.3646732568740845,112,112,12544,2118.041468971821,75.2602838010204,74.47570204827024,112,112,12544,1239.6135940202223,87.2235331632653,74.65960018826686,1678.8275314960215,81.24190848214286,74.56765111826854,878.4278749515986,11.963249362244895,0.18389813999662863
hard_impostor,/mnt/c/Users/ansar/Desktop/VGGFace2_ArcFace_Project/data/aligned/train/n003153/0055_01.jpg,/mnt/c/Users/ansar/Desktop/VGGFace2_ArcFace_Project/data/aligned/train/n004877/0093_01.jpg,0.3646731078624725,112,112,12544,1587.480584052045,115.80173788265306,97.91038612886393,112,112,12544,106.61303481515473,64.55094068877551,76.79163985073241,847.0468094336,90.17633928571428,87.35101298979816,1480.8675492368902,51.250797193877546,21.118746278131525
hard_impostor,/mnt/c/Users/ansar/Desktop/VGGFace2_ArcFace_Project/data/aligned/train/n001149/0594_01.jpg,/mnt/c/Users/ansar/Desktop/VGGFace2_ArcFace_Project/data/aligned/train/n000781/0070_01.jpg,0.3640744984149933,112,112,12544,417.84963646713567,67.02885841836735,58.55259902122765,112,112,12544,1541.6946936007193,76.15306122448979,75.1778705655578,979.7721650339275,71.59095982142857,66.86523479339272,1123.8450571335836,9.12420280612244,16.625271544330147
hard_impostor,/mnt/c/Users/ansar/Desktop/VGGFace2_ArcFace_Project/data/aligned/train/n004112/0275_01.jpg,/mnt/c/Users/ansar/Desktop/VGGFace2_ArcFace_Project/data/aligned/train/n004408/0060_02.jpg,0.3630575537681579,112,112,12544,1574.5120796162305,91.26339285714286,85.02176049021725,112,112,12544,715.0869165028895,115.92139668367346,82.73525926934417,1144.79949805956,103.59239477040816,83.87850987978071,859.425163113341,24.658003826530603,2.2865012208730775
hard_impostor,/mnt/c/Users/ansar/Desktop/VGGFace2_ArcFace_Project/data/aligned/train/n001052/0449_01.jpg,/mnt/c/Users/ansar/Desktop/VGGFace2_ArcFace_Project/data/aligned/train/n009025/0402_01.jpg,0.3622350990772247,112,112,12544,96.57572037753638,48.33633609693877,59.16609328178493,112,112,12544,1580.9459102937253,60.051737882653065,73.77436331306167,838.7608153356308,54.19403698979592,66.4702282974233,1484.370189916189,11.715401785714292,14.608270031276739
hard_impostor,/mnt/c/Users/ansar/Desktop/VGGFace2_ArcFace_Project/data/aligned/train/n001891/0478_01.jpg,/mnt/c/Users/ansar/Desktop/VGGFace2_ArcFace_Project/data/aligned/train/n001088/0340_01.jpg,0.3621291518211365,112,112,12544,1010.5859409000217,81.34311224489795,69.39249598102951,112,112,12544,686.563184014463,80.87547831632654,67.9223614553913,848.5745624572423,81.10929528061224,68.65742871821041,324.0227568855587,0.4676339285714164,1.4701345256382155
hard_impostor,/mnt/c/Users/ansar/Desktop/VGGFace2_ArcFace_Project/data/aligned/train/n008868/0190_01.jpg,/mnt/c/Users/ansar/Desktop/VGGFace2_ArcFace_Project/data/aligned/train/n008823/0041_01.jpg,0.3606187999248504,112,112,12544,77.82058541688359,40.03316326530612,40.66325142274364,112,112,12544,136.24754984902125,56.53762755102041,61.04431457409007,107.03406763295243,48.28539540816327,50.85378299841686,58.426964432137666,16.504464285714285,20.38106315134643
hard_impostor,/mnt/c/Users/ansar/Desktop/VGGFace2_ArcFace_Project/data/aligned/train/n005064/0148_02.jpg,/mnt/c/Users/ansar/Desktop/VGGFace2_ArcFace_Project/data/aligned/train/n006022/0582_01.jpg,0.3602492213249206,112,112,12544,300.7231457260239,69.85204081632654,71.78951070926647,112,112,12544,2440.73382819389,69.71811224489795,71.54486361687182,1370.728486959957,69.78507653061224,71.66718716306914,2140.010682467866,0.1339285714285836,0.24464709239464355
hard_impostor,/mnt/c/Users/ansar/Desktop/VGGFace2_ArcFace_Project/data/aligned/train/n004976/0038_02.jpg,/mnt/c/Users/ansar/Desktop/VGGFace2_ArcFace_Project/data/aligned/train/n002116/0485_02.jpg,0.3584299087524414,112,112,12544,2066.8544710120373,63.44156568877551,55.69562786235821,112,112,12544,557.5638949304061,42.328045280612244,42.278820374245846,1312.2091829712217,52.88480548469388,48.987224118302024,1509.2905760816311,21.113520408163268,13.416807488112362
hard_impostor,/mnt/c/Users/ansar/Desktop/VGGFace2_ArcFace_Project/data/aligned/train/n002297/0432_01.jpg,/mnt/c/Users/ansar/Desktop/VGGFace2_ArcFace_Project/data/aligned/train/n001606/0255_01.jpg,0.3583832085132599,112,112,12544,1655.420095854429,74.72751913265306,82.24304287364193,112,112,12544,2152.9893145261335,66.95974170918367,96.07261129680701,1904.2047051902814,70.84363042091837,89.15782708522447,497.56921867170445,7.767777423469383,13.829568423165085
hard_impostor,/mnt/c/Users/ansar/Desktop/VGGFace2_ArcFace_Project/data/aligned/train/n007975/0212_01.jpg,/mnt/c/Users/ansar/Desktop/VGGFace2_ArcFace_Project/data/aligned/train/n000342/0190_01.jpg,0.3580401837825775,112,112,12544,1441.8032574317992,61.47512755102041,56.26952909275557,112,112,12544,588.6796610624478,65.42817283163265,73.88118050765583,1015.2414592471235,63.45165019132653,65.0753548002057,853.1235963693514,3.953045280612244,17.61165141490026
hard_impostor,/mnt/c/Users/ansar/Desktop/VGGFace2_ArcFace_Project/data/aligned/train/n000314/0348_02.jpg,/mnt/c/Users/ansar/Desktop/VGGFace2_ArcFace_Project/data/aligned/train/n007191/0190_01.jpg,0.3564662635326385,112,112,12544,1041.8393885093349,52.51363201530612,55.26897044006604,112,112,12544,613.1086184538589,112.73844068877551,81.66454043154273,827.4740034815968,82.62603635204081,68.46675543580439,428.730770055476,60.22480867346939,26.39556999147669
hard_impostor,/mnt/c/Users/ansar/Desktop/VGGFace2_ArcFace_Project/data/aligned/train/n006666/0338_01.jpg,/mnt/c/Users/ansar/Desktop/VGGFace2_ArcFace_Project/data/aligned/train/n000582/0395_01.jpg,0.355744868516922,112,112,12544,3934.123335654415,88.65425701530613,111.71604597936245,112,112,12544,969.2370007573342,90.52032844387755,85.26903646166825,2451.6801682058745,89.58729272959184,98.49254122051535,2964.886334897081,1.8660714285714164,26.447009517694198
hard_impostor,/mnt/c/Users/ansar/Desktop/VGGFace2_ArcFace_Project/data/aligned/train/n000556/0028_01.jpg,/mnt/c/Users/ansar/Desktop/VGGFace2_ArcFace_Project/data/aligned/train/n008733/0117_01.jpg,0.3543495833873749,112,112,12544,3022.605560614138,122.82557397959184,103.74638484752494,112,112,12544,678.0137308510776,60.84510522959184,75.18367498342418,1850.3096457326078,91.83533960459184,89.46502991547456,2344.5918297630606,61.98046875,28.562709864100754
hard_impostor,/mnt/c/Users/ansar/Desktop/VGGFace2_ArcFace_Project/data/aligned/train/n005679/0926_01.jpg,/mnt/c/Users/ansar/Desktop/VGGFace2_ArcFace_Project/data/aligned/train/n002912/0032_01.jpg,0.3526166975498199,112,112,12544,413.97590702665394,47.29296875,49.7306747826433,112,112,12544,197.31904643994977,84.22169961734694,79.10744036815436,305.64747673330186,65.75733418367346,64.41905757539882,216.65686058670417,36.92873086734694,29.37676558551106
hard_impostor,/mnt/c/Users/ansar/Desktop/VGGFace2_ArcFace_Project/data/aligned/train/n004098/0296_01.jpg,/mnt/c/Users/ansar/Desktop/VGGFace2_ArcFace_Project/data/aligned/train/n008375/0047_05.jpg,0.3520317673683166,112,112,12544,168.59183182849432,74.85188137755102,77.67713606822434,112,112,12544,381.1094884781081,77.50151466836735,77.35072542304361,274.8506601533012,76.17669802295919,77.51393074563398,212.5176566496138,2.6496332908163254,0.3264106451807294
hard_impostor,/mnt/c/Users/ansar/Desktop/VGGFace2_ArcFace_Project/data/aligned/train/n003290/0159_01.jpg,/mnt/c/Users/ansar/Desktop/VGGFace2_ArcFace_Project/data/aligned/train/n000374/0054_01.jpg,0.351665049791336,112,112,12544,315.0834645720533,90.53244579081633,81.49933622069273,112,112,12544,1025.553009420869,83.13217474489795,81.38582781963842,670.3182369964612,86.83231026785714,81.44258202016557,710.4695448488158,7.400271045918373,0.11350840105430393
hard_impostor,/mnt/c/Users/ansar/Desktop/VGGFace2_ArcFace_Project/data/aligned/train/n009226/0077_01.jpg,/mnt/c/Users/ansar/Desktop/VGGFace2_ArcFace_Project/data/aligned/train/n006983/0030_01.jpg,0.351542979478836,112,112,12544,284.6995684311123,96.73078762755102,74.38531691318556,112,112,12544,244.4084563598887,82.37874681122449,67.72227761729825,264.55401239550054,89.55476721938776,71.05379726524191,40.29111207122361,14.352040816326536,6.663039295887316
hard_impostor,/mnt/c/Users/ansar/Desktop/VGGFace2_ArcFace_Project/data/aligned/train/n000471/0397_01.jpg,/mnt/c/Users/ansar/Desktop/VGGFace2_ArcFace_Project/data/aligned/train/n005132/0395_01.jpg,0.3509609997272491,112,112,12544,224.1171317777749,45.25406568877551,53.00690753011724,112,112,12544,473.35022439762037,87.04145408163265,83.91504471346718,348.7336780876976,66.14775988520408,68.46097612179221,249.23309261984548,41.78738839285714,30.908137183349943
