image1,image2,label,pair_type,cosine_similarity
/mnt/c/Users/ansar/Desktop/VGGFace2_ArcFace_Project/data/aligned/train/n002705/0308_01.jpg,/mnt/c/Users/ansar/Desktop/VGGFace2_ArcFace_Project/data/aligned/train/n000005/0176_02.jpg,0,impostor,0.9717360734939576
/mnt/c/Users/ansar/Desktop/VGGFace2_ArcFace_Project/data/aligned/train/n008254/0237_02.jpg,/mnt/c/Users/ansar/Desktop/VGGFace2_ArcFace_Project/data/aligned/train/n003332/0090_01.jpg,0,impostor,0.969086766242981
/mnt/c/Users/ansar/Desktop/VGGFace2_ArcFace_Project/data/aligned/train/n006487/0116_01.jpg,/mnt/c/Users/ansar/Desktop/VGGFace2_ArcFace_Project/data/aligned/train/n000130/0327_04.jpg,0,impostor,0.948597490787506
/mnt/c/Users/ansar/Desktop/VGGFace2_ArcFace_Project/data/aligned/train/n000366/0202_01.jpg,/mnt/c/Users/ansar/Desktop/VGGFace2_ArcFace_Project/data/aligned/train/n005807/0306_01.jpg,0,impostor,0.9223922491073608
/mnt/c/Users/ansar/Desktop/VGGFace2_ArcFace_Project/data/aligned/train/n002885/0603_04.jpg,/mnt/c/Users/ansar/Desktop/VGGFace2_ArcFace_Project/data/aligned/train/n009108/0317_01.jpg,0,impostor,0.9222070574760436
/mnt/c/Users/ansar/Desktop/VGGFace2_ArcFace_Project/data/aligned/train/n007718/0208_03.jpg,/mnt/c/Users/ansar/Desktop/VGGFace2_ArcFace_Project/data/aligned/train/n004980/0372_01.jpg,0,impostor,0.914865791797638
/mnt/c/Users/ansar/Desktop/VGGFace2_ArcFace_Project/data/aligned/train/n001443/0241_01.jpg,/mnt/c/Users/ansar/Desktop/VGGFace2_ArcFace_Project/data/aligned/train/n001612/0224_01.jpg,0,impostor,0.8649474382400513
/mnt/c/Users/ansar/Desktop/VGGFace2_ArcFace_Project/data/aligned/train/n008130/0224_02.jpg,/mnt/c/Users/ansar/Desktop/VGGFace2_ArcFace_Project/data/aligned/train/n003594/0359_01.jpg,0,impostor,0.8602469563484192
/mnt/c/Users/ansar/Desktop/VGGFace2_ArcFace_Project/data/aligned/train/n009009/0415_02.jpg,/mnt/c/Users/ansar/Desktop/VGGFace2_ArcFace_Project/data/aligned/train/n008578/0144_01.jpg,0,impostor,0.8499653339385986
/mnt/c/Users/ansar/Desktop/VGGFace2_ArcFace_Project/data/aligned/train/n006504/0197_01.jpg,/mnt/c/Users/ansar/Desktop/VGGFace2_ArcFace_Project/data/aligned/train/n007218/0278_02.jpg,0,impostor,0.8014299273490906
/mnt/c/Users/ansar/Desktop/VGGFace2_ArcFace_Project/data/aligned/train/n005118/0228_01.jpg,/mnt/c/Users/ansar/Desktop/VGGFace2_ArcFace_Project/data/aligned/train/n007491/0422_01.jpg,0,impostor,0.7938125729560852
/mnt/c/Users/ansar/Desktop/VGGFace2_ArcFace_Project/data/aligned/train/n008099/0289_01.jpg,/mnt/c/Users/ansar/Desktop/VGGFace2_ArcFace_Project/data/aligned/train/n004973/0150_07.jpg,0,impostor,0.7823165655136108
/mnt/c/Users/ansar/Desktop/VGGFace2_ArcFace_Project/data/aligned/train/n000622/0248_02.jpg,/mnt/c/Users/ansar/Desktop/VGGFace2_ArcFace_Project/data/aligned/train/n000475/0173_01.jpg,0,impostor,0.7530239820480347
/mnt/c/Users/ansar/Desktop/VGGFace2_ArcFace_Project/data/aligned/train/n007856/0304_01.jpg,/mnt/c/Users/ansar/Desktop/VGGFace2_ArcFace_Project/data/aligned/train/n002645/0300_01.jpg,0,impostor,0.7156751155853271
/mnt/c/Users/ansar/Desktop/VGGFace2_ArcFace_Project/data/aligned/train/n005655/0630_01.jpg,/mnt/c/Users/ansar/Desktop/VGGFace2_ArcFace_Project/data/aligned/train/n001427/0357_03.jpg,0,impostor,0.7148692607879639
/mnt/c/Users/ansar/Desktop/VGGFace2_ArcFace_Project/data/aligned/train/n002901/0163_01.jpg,/mnt/c/Users/ansar/Desktop/VGGFace2_ArcFace_Project/data/aligned/train/n006255/0152_03.jpg,0,impostor,0.714608371257782
/mnt/c/Users/ansar/Desktop/VGGFace2_ArcFace_Project/data/aligned/train/n000923/0226_01.jpg,/mnt/c/Users/ansar/Desktop/VGGFace2_ArcFace_Project/data/aligned/train/n006226/0262_01.jpg,0,impostor,0.7037510275840759
/mnt/c/Users/ansar/Desktop/VGGFace2_ArcFace_Project/data/aligned/train/n008417/0392_01.jpg,/mnt/c/Users/ansar/Desktop/VGGFace2_ArcFace_Project/data/aligned/train/n001490/0096_02.jpg,0,impostor,0.7006801962852478
/mnt/c/Users/ansar/Desktop/VGGFace2_ArcFace_Project/data/aligned/train/n004562/0228_02.jpg,/mnt/c/Users/ansar/Desktop/VGGFace2_ArcFace_Project/data/aligned/train/n003427/0151_01.jpg,0,impostor,0.6900041103363037
/mnt/c/Users/ansar/Desktop/VGGFace2_ArcFace_Project/data/aligned/train/n007224/0290_02.jpg,/mnt/c/Users/ansar/Desktop/VGGFace2_ArcFace_Project/data/aligned/train/n000916/0325_04.jpg,0,impostor,0.6746336221694946
/mnt/c/Users/ansar/Desktop/VGGFace2_ArcFace_Project/data/aligned/train/n004077/0188_01.jpg,/mnt/c/Users/ansar/Desktop/VGGFace2_ArcFace_Project/data/aligned/train/n000635/0209_01.jpg,0,impostor,0.6615809202194214
/mnt/c/Users/ansar/Desktop/VGGFace2_ArcFace_Project/data/aligned/train/n003355/0537_01.jpg,/mnt/c/Users/ansar/Desktop/VGGFace2_ArcFace_Project/data/aligned/train/n000948/0225_01.jpg,0,impostor,0.6542245149612427
/mnt/c/Users/ansar/Desktop/VGGFace2_ArcFace_Project/data/aligned/train/n009009/0441_01.jpg,/mnt/c/Users/ansar/Desktop/VGGFace2_ArcFace_Project/data/aligned/train/n001476/0463_02.jpg,0,impostor,0.6484581828117371
/mnt/c/Users/ansar/Desktop/VGGFace2_ArcFace_Project/data/aligned/train/n001667/0098_01.jpg,/mnt/c/Users/ansar/Desktop/VGGFace2_ArcFace_Project/data/aligned/train/n005183/0177_02.jpg,0,impostor,0.636897623538971
/mnt/c/Users/ansar/Desktop/VGGFace2_ArcFace_Project/data/aligned/train/n005236/0285_01.jpg,/mnt/c/Users/ansar/Desktop/VGGFace2_ArcFace_Project/data/aligned/train/n004004/0416_02.jpg,0,impostor,0.6261729598045349
/mnt/c/Users/ansar/Desktop/VGGFace2_ArcFace_Project/data/aligned/train/n001998/0824_05.jpg,/mnt/c/Users/ansar/Desktop/VGGFace2_ArcFace_Project/data/aligned/train/n003843/0344_01.jpg,0,impostor,0.6250548362731934
/mnt/c/Users/ansar/Desktop/VGGFace2_ArcFace_Project/data/aligned/train/n008232/0095_01.jpg,/mnt/c/Users/ansar/Desktop/VGGFace2_ArcFace_Project/data/aligned/train/n008469/0040_01.jpg,0,impostor,0.6094355583190918
/mnt/c/Users/ansar/Desktop/VGGFace2_ArcFace_Project/data/aligned/train/n009096/0096_07.jpg,/mnt/c/Users/ansar/Desktop/VGGFace2_ArcFace_Project/data/aligned/train/n005615/0104_01.jpg,0,impostor,0.5954307317733765
/mnt/c/Users/ansar/Desktop/VGGFace2_ArcFace_Project/data/aligned/train/n000089/0300_01.jpg,/mnt/c/Users/ansar/Desktop/VGGFace2_ArcFace_Project/data/aligned/train/n001249/0379_03.jpg,0,impostor,0.5534651279449463
/mnt/c/Users/ansar/Desktop/VGGFace2_ArcFace_Project/data/aligned/train/n001017/0277_01.jpg,/mnt/c/Users/ansar/Desktop/VGGFace2_ArcFace_Project/data/aligned/train/n004385/0234_03.jpg,0,impostor,0.5430449843406677
/mnt/c/Users/ansar/Desktop/VGGFace2_ArcFace_Project/data/aligned/train/n003803/0320_01.jpg,/mnt/c/Users/ansar/Desktop/VGGFace2_ArcFace_Project/data/aligned/train/n003439/0465_01.jpg,0,impostor,0.5412401556968689
/mnt/c/Users/ansar/Desktop/VGGFace2_ArcFace_Project/data/aligned/train/n008371/0111_01.jpg,/mnt/c/Users/ansar/Desktop/VGGFace2_ArcFace_Project/data/aligned/train/n001426/0317_02.jpg,0,impostor,0.5336377620697021
/mnt/c/Users/ansar/Desktop/VGGFace2_ArcFace_Project/data/aligned/train/n008419/0305_01.jpg,/mnt/c/Users/ansar/Desktop/VGGFace2_ArcFace_Project/data/aligned/train/n004127/0063_01.jpg,0,impostor,0.5332978367805481
/mnt/c/Users/ansar/Desktop/VGGFace2_ArcFace_Project/data/aligned/train/n003300/0233_01.jpg,/mnt/c/Users/ansar/Desktop/VGGFace2_ArcFace_Project/data/aligned/train/n006552/0070_01.jpg,0,impostor,0.5276561379432678
/mnt/c/Users/ansar/Desktop/VGGFace2_ArcFace_Project/data/aligned/train/n005749/0189_01.jpg,/mnt/c/Users/ansar/Desktop/VGGFace2_ArcFace_Project/data/aligned/train/n001606/0298_01.jpg,0,impostor,0.5185967087745667
/mnt/c/Users/ansar/Desktop/VGGFace2_ArcFace_Project/data/aligned/train/n007107/0163_04.jpg,/mnt/c/Users/ansar/Desktop/VGGFace2_ArcFace_Project/data/aligned/train/n001556/0011_01.jpg,0,impostor,0.5115311145782471
/mnt/c/Users/ansar/Desktop/VGGFace2_ArcFace_Project/data/aligned/train/n004892/0074_01.jpg,/mnt/c/Users/ansar/Desktop/VGGFace2_ArcFace_Project/data/aligned/train/n001383/0414_01.jpg,0,impostor,0.5084683299064636
/mnt/c/Users/ansar/Desktop/VGGFace2_ArcFace_Project/data/aligned/train/n003567/0291_01.jpg,/mnt/c/Users/ansar/Desktop/VGGFace2_ArcFace_Project/data/aligned/train/n008583/0079_16.jpg,0,impostor,0.5016638040542603
/mnt/c/Users/ansar/Desktop/VGGFace2_ArcFace_Project/data/aligned/train/n005883/0221_01.jpg,/mnt/c/Users/ansar/Desktop/VGGFace2_ArcFace_Project/data/aligned/train/n006709/0229_01.jpg,0,impostor,0.4843614101409912
/mnt/c/Users/ansar/Desktop/VGGFace2_ArcFace_Project/data/aligned/train/n009050/0310_01.jpg,/mnt/c/Users/ansar/Desktop/VGGFace2_ArcFace_Project/data/aligned/train/n004391/0325_01.jpg,0,impostor,0.4832761585712433
/mnt/c/Users/ansar/Desktop/VGGFace2_ArcFace_Project/data/aligned/train/n003927/0198_03.jpg,/mnt/c/Users/ansar/Desktop/VGGFace2_ArcFace_Project/data/aligned/train/n004714/0241_01.jpg,0,impostor,0.4822405278682709
/mnt/c/Users/ansar/Desktop/VGGFace2_ArcFace_Project/data/aligned/train/n008830/0235_01.jpg,/mnt/c/Users/ansar/Desktop/VGGFace2_ArcFace_Project/data/aligned/train/n009195/0234_02.jpg,0,impostor,0.4773782789707184
/mnt/c/Users/ansar/Desktop/VGGFace2_ArcFace_Project/data/aligned/train/n001253/0329_01.jpg,/mnt/c/Users/ansar/Desktop/VGGFace2_ArcFace_Project/data/aligned/train/n006306/0249_01.jpg,0,impostor,0.4745023548603058
/mnt/c/Users/ansar/Desktop/VGGFace2_ArcFace_Project/data/aligned/train/n001735/0279_02.jpg,/mnt/c/Users/ansar/Desktop/VGGFace2_ArcFace_Project/data/aligned/train/n003603/0224_02.jpg,0,impostor,0.4719771146774292
/mnt/c/Users/ansar/Desktop/VGGFace2_ArcFace_Project/data/aligned/train/n004487/0275_01.jpg,/mnt/c/Users/ansar/Desktop/VGGFace2_ArcFace_Project/data/aligned/train/n004483/0437_01.jpg,0,impostor,0.4708356857299804
/mnt/c/Users/ansar/Desktop/VGGFace2_ArcFace_Project/data/aligned/train/n005392/0175_01.jpg,/mnt/c/Users/ansar/Desktop/VGGFace2_ArcFace_Project/data/aligned/train/n007234/0107_01.jpg,0,impostor,0.4580374658107757
/mnt/c/Users/ansar/Desktop/VGGFace2_ArcFace_Project/data/aligned/train/n001347/0240_01.jpg,/mnt/c/Users/ansar/Desktop/VGGFace2_ArcFace_Project/data/aligned/train/n005902/0490_01.jpg,0,impostor,0.4568362832069397
/mnt/c/Users/ansar/Desktop/VGGFace2_ArcFace_Project/data/aligned/train/n004610/0587_01.jpg,/mnt/c/Users/ansar/Desktop/VGGFace2_ArcFace_Project/data/aligned/train/n006256/0401_02.jpg,0,impostor,0.4534610509872436
/mnt/c/Users/ansar/Desktop/VGGFace2_ArcFace_Project/data/aligned/train/n003069/0259_01.jpg,/mnt/c/Users/ansar/Desktop/VGGFace2_ArcFace_Project/data/aligned/train/n008118/0033_01.jpg,0,impostor,0.4502555429935455
/mnt/c/Users/ansar/Desktop/VGGFace2_ArcFace_Project/data/aligned/train/n005241/0198_01.jpg,/mnt/c/Users/ansar/Desktop/VGGFace2_ArcFace_Project/data/aligned/train/n007508/0353_01.jpg,0,impostor,0.4471228420734405
/mnt/c/Users/ansar/Desktop/VGGFace2_ArcFace_Project/data/aligned/train/n007911/0059_01.jpg,/mnt/c/Users/ansar/Desktop/VGGFace2_ArcFace_Project/data/aligned/train/n005327/0332_01.jpg,0,impostor,0.4441215693950653
/mnt/c/Users/ansar/Desktop/VGGFace2_ArcFace_Project/data/aligned/train/n000959/0292_01.jpg,/mnt/c/Users/ansar/Desktop/VGGFace2_ArcFace_Project/data/aligned/train/n005498/0217_01.jpg,0,impostor,0.4430927038192749
/mnt/c/Users/ansar/Desktop/VGGFace2_ArcFace_Project/data/aligned/train/n003656/0337_01.jpg,/mnt/c/Users/ansar/Desktop/VGGFace2_ArcFace_Project/data/aligned/train/n000028/0106_01.jpg,0,impostor,0.4355843961238861
/mnt/c/Users/ansar/Desktop/VGGFace2_ArcFace_Project/data/aligned/train/n005298/0053_01.jpg,/mnt/c/Users/ansar/Desktop/VGGFace2_ArcFace_Project/data/aligned/train/n006685/0188_01.jpg,0,impostor,0.4351582825183868
/mnt/c/Users/ansar/Desktop/VGGFace2_ArcFace_Project/data/aligned/train/n006817/0246_01.jpg,/mnt/c/Users/ansar/Desktop/VGGFace2_ArcFace_Project/data/aligned/train/n006310/0340_05.jpg,0,impostor,0.4292669594287872
/mnt/c/Users/ansar/Desktop/VGGFace2_ArcFace_Project/data/aligned/train/n007943/0269_01.jpg,/mnt/c/Users/ansar/Desktop/VGGFace2_ArcFace_Project/data/aligned/train/n000369/0248_01.jpg,0,impostor,0.4275694191455841
/mnt/c/Users/ansar/Desktop/VGGFace2_ArcFace_Project/data/aligned/train/n007147/0488_01.jpg,/mnt/c/Users/ansar/Desktop/VGGFace2_ArcFace_Project/data/aligned/train/n003423/0266_02.jpg,0,impostor,0.4231689572334289
/mnt/c/Users/ansar/Desktop/VGGFace2_ArcFace_Project/data/aligned/train/n002829/0195_01.jpg,/mnt/c/Users/ansar/Desktop/VGGFace2_ArcFace_Project/data/aligned/train/n004371/0233_01.jpg,0,impostor,0.4197537899017334
/mnt/c/Users/ansar/Desktop/VGGFace2_ArcFace_Project/data/aligned/train/n004186/0034_01.jpg,/mnt/c/Users/ansar/Desktop/VGGFace2_ArcFace_Project/data/aligned/train/n005644/0207_01.jpg,0,impostor,0.4166100621223449
/mnt/c/Users/ansar/Desktop/VGGFace2_ArcFace_Project/data/aligned/train/n003918/0308_01.jpg,/mnt/c/Users/ansar/Desktop/VGGFace2_ArcFace_Project/data/aligned/train/n006105/0092_01.jpg,0,impostor,0.4146508574485779
/mnt/c/Users/ansar/Desktop/VGGFace2_ArcFace_Project/data/aligned/train/n004986/0310_01.jpg,/mnt/c/Users/ansar/Desktop/VGGFace2_ArcFace_Project/data/aligned/train/n001634/0150_02.jpg,0,impostor,0.4072890877723694
/mnt/c/Users/ansar/Desktop/VGGFace2_ArcFace_Project/data/aligned/train/n001128/0136_02.jpg,/mnt/c/Users/ansar/Desktop/VGGFace2_ArcFace_Project/data/aligned/train/n002146/0066_02.jpg,0,impostor,0.3930800557136535
/mnt/c/Users/ansar/Desktop/VGGFace2_ArcFace_Project/data/aligned/train/n000037/0154_01.jpg,/mnt/c/Users/ansar/Desktop/VGGFace2_ArcFace_Project/data/aligned/train/n001862/0023_01.jpg,0,impostor,0.3913048505783081
/mnt/c/Users/ansar/Desktop/VGGFace2_ArcFace_Project/data/aligned/train/n005346/0318_01.jpg,/mnt/c/Users/ansar/Desktop/VGGFace2_ArcFace_Project/data/aligned/train/n000008/0223_01.jpg,0,impostor,0.389599084854126
/mnt/c/Users/ansar/Desktop/VGGFace2_ArcFace_Project/data/aligned/train/n003278/0242_01.jpg,/mnt/c/Users/ansar/Desktop/VGGFace2_ArcFace_Project/data/aligned/train/n003880/0255_01.jpg,0,impostor,0.3881380558013916
/mnt/c/Users/ansar/Desktop/VGGFace2_ArcFace_Project/data/aligned/train/n000550/0360_01.jpg,/mnt/c/Users/ansar/Desktop/VGGFace2_ArcFace_Project/data/aligned/train/n002352/0389_01.jpg,0,impostor,0.386797696352005
/mnt/c/Users/ansar/Desktop/VGGFace2_ArcFace_Project/data/aligned/train/n006993/0115_01.jpg,/mnt/c/Users/ansar/Desktop/VGGFace2_ArcFace_Project/data/aligned/train/n003549/0019_01.jpg,0,impostor,0.3865906298160553
/mnt/c/Users/ansar/Desktop/VGGFace2_ArcFace_Project/data/aligned/train/n007603/0082_01.jpg,/mnt/c/Users/ansar/Desktop/VGGFace2_ArcFace_Project/data/aligned/train/n004105/0136_01.jpg,0,impostor,0.3864075243473053
/mnt/c/Users/ansar/Desktop/VGGFace2_ArcFace_Project/data/aligned/train/n005132/0038_01.jpg,/mnt/c/Users/ansar/Desktop/VGGFace2_ArcFace_Project/data/aligned/train/n006935/0141_01.jpg,0,impostor,0.3850832283496856
/mnt/c/Users/ansar/Desktop/VGGFace2_ArcFace_Project/data/aligned/train/n005865/0350_01.jpg,/mnt/c/Users/ansar/Desktop/VGGFace2_ArcFace_Project/data/aligned/train/n005943/0314_01.jpg,0,impostor,0.3826580047607422
/mnt/c/Users/ansar/Desktop/VGGFace2_ArcFace_Project/data/aligned/train/n005531/0042_02.jpg,/mnt/c/Users/ansar/Desktop/VGGFace2_ArcFace_Project/data/aligned/train/n001482/0057_01.jpg,0,impostor,0.3815967738628387
/mnt/c/Users/ansar/Desktop/VGGFace2_ArcFace_Project/data/aligned/train/n003668/0343_01.jpg,/mnt/c/Users/ansar/Desktop/VGGFace2_ArcFace_Project/data/aligned/train/n000959/0448_01.jpg,0,impostor,0.3809445798397064
/mnt/c/Users/ansar/Desktop/VGGFace2_ArcFace_Project/data/aligned/train/n004638/0254_01.jpg,/mnt/c/Users/ansar/Desktop/VGGFace2_ArcFace_Project/data/aligned/train/n001795/0004_01.jpg,0,impostor,0.3795219957828522
/mnt/c/Users/ansar/Desktop/VGGFace2_ArcFace_Project/data/aligned/train/n007678/0078_01.jpg,/mnt/c/Users/ansar/Desktop/VGGFace2_ArcFace_Project/data/aligned/train/n000369/0300_01.jpg,0,impostor,0.3786965608596802
/mnt/c/Users/ansar/Desktop/VGGFace2_ArcFace_Project/data/aligned/train/n007480/0260_02.jpg,/mnt/c/Users/ansar/Desktop/VGGFace2_ArcFace_Project/data/aligned/train/n005555/0309_01.jpg,0,impostor,0.3747195303440094
/mnt/c/Users/ansar/Desktop/VGGFace2_ArcFace_Project/data/aligned/train/n008621/0078_04.jpg,/mnt/c/Users/ansar/Desktop/VGGFace2_ArcFace_Project/data/aligned/train/n005812/0455_01.jpg,0,impostor,0.3740224242210388
/mnt/c/Users/ansar/Desktop/VGGFace2_ArcFace_Project/data/aligned/train/n007509/0309_01.jpg,/mnt/c/Users/ansar/Desktop/VGGFace2_ArcFace_Project/data/aligned/train/n006801/0180_01.jpg,0,impostor,0.3704378604888916
/mnt/c/Users/ansar/Desktop/VGGFace2_ArcFace_Project/data/aligned/train/n004656/0068_02.jpg,/mnt/c/Users/ansar/Desktop/VGGFace2_ArcFace_Project/data/aligned/train/n004847/0299_01.jpg,0,impostor,0.3672917783260345
/mnt/c/Users/ansar/Desktop/VGGFace2_ArcFace_Project/data/aligned/train/n004218/0362_01.jpg,/mnt/c/Users/ansar/Desktop/VGGFace2_ArcFace_Project/data/aligned/train/n005733/0275_01.jpg,0,impostor,0.3662426173686981
/mnt/c/Users/ansar/Desktop/VGGFace2_ArcFace_Project/data/aligned/train/n001382/0332_02.jpg,/mnt/c/Users/ansar/Desktop/VGGFace2_ArcFace_Project/data/aligned/train/n003860/0335_04.jpg,0,impostor,0.3661004900932312
/mnt/c/Users/ansar/Desktop/VGGFace2_ArcFace_Project/data/aligned/train/n005896/0340_12.jpg,/mnt/c/Users/ansar/Desktop/VGGFace2_ArcFace_Project/data/aligned/train/n005378/0025_01.jpg,0,impostor,0.3656685054302215
/mnt/c/Users/ansar/Desktop/VGGFace2_ArcFace_Project/data/aligned/train/n000466/0159_01.jpg,/mnt/c/Users/ansar/Desktop/VGGFace2_ArcFace_Project/data/aligned/train/n004542/0290_01.jpg,0,impostor,0.3646732568740845
/mnt/c/Users/ansar/Desktop/VGGFace2_ArcFace_Project/data/aligned/train/n003153/0055_01.jpg,/mnt/c/Users/ansar/Desktop/VGGFace2_ArcFace_Project/data/aligned/train/n004877/0093_01.jpg,0,impostor,0.3646731078624725
/mnt/c/Users/ansar/Desktop/VGGFace2_ArcFace_Project/data/aligned/train/n001149/0594_01.jpg,/mnt/c/Users/ansar/Desktop/VGGFace2_ArcFace_Project/data/aligned/train/n000781/0070_01.jpg,0,impostor,0.3640744984149933
/mnt/c/Users/ansar/Desktop/VGGFace2_ArcFace_Project/data/aligned/train/n004112/0275_01.jpg,/mnt/c/Users/ansar/Desktop/VGGFace2_ArcFace_Project/data/aligned/train/n004408/0060_02.jpg,0,impostor,0.3630575537681579
/mnt/c/Users/ansar/Desktop/VGGFace2_ArcFace_Project/data/aligned/train/n001052/0449_01.jpg,/mnt/c/Users/ansar/Desktop/VGGFace2_ArcFace_Project/data/aligned/train/n009025/0402_01.jpg,0,impostor,0.3622350990772247
/mnt/c/Users/ansar/Desktop/VGGFace2_ArcFace_Project/data/aligned/train/n001891/0478_01.jpg,/mnt/c/Users/ansar/Desktop/VGGFace2_ArcFace_Project/data/aligned/train/n001088/0340_01.jpg,0,impostor,0.3621291518211365
/mnt/c/Users/ansar/Desktop/VGGFace2_ArcFace_Project/data/aligned/train/n008868/0190_01.jpg,/mnt/c/Users/ansar/Desktop/VGGFace2_ArcFace_Project/data/aligned/train/n008823/0041_01.jpg,0,impostor,0.3606187999248504
/mnt/c/Users/ansar/Desktop/VGGFace2_ArcFace_Project/data/aligned/train/n005064/0148_02.jpg,/mnt/c/Users/ansar/Desktop/VGGFace2_ArcFace_Project/data/aligned/train/n006022/0582_01.jpg,0,impostor,0.3602492213249206
/mnt/c/Users/ansar/Desktop/VGGFace2_ArcFace_Project/data/aligned/train/n004976/0038_02.jpg,/mnt/c/Users/ansar/Desktop/VGGFace2_ArcFace_Project/data/aligned/train/n002116/0485_02.jpg,0,impostor,0.3584299087524414
/mnt/c/Users/ansar/Desktop/VGGFace2_ArcFace_Project/data/aligned/train/n002297/0432_01.jpg,/mnt/c/Users/ansar/Desktop/VGGFace2_ArcFace_Project/data/aligned/train/n001606/0255_01.jpg,0,impostor,0.3583832085132599
/mnt/c/Users/ansar/Desktop/VGGFace2_ArcFace_Project/data/aligned/train/n007975/0212_01.jpg,/mnt/c/Users/ansar/Desktop/VGGFace2_ArcFace_Project/data/aligned/train/n000342/0190_01.jpg,0,impostor,0.3580401837825775
/mnt/c/Users/ansar/Desktop/VGGFace2_ArcFace_Project/data/aligned/train/n000314/0348_02.jpg,/mnt/c/Users/ansar/Desktop/VGGFace2_ArcFace_Project/data/aligned/train/n007191/0190_01.jpg,0,impostor,0.3564662635326385
/mnt/c/Users/ansar/Desktop/VGGFace2_ArcFace_Project/data/aligned/train/n006666/0338_01.jpg,/mnt/c/Users/ansar/Desktop/VGGFace2_ArcFace_Project/data/aligned/train/n000582/0395_01.jpg,0,impostor,0.355744868516922
/mnt/c/Users/ansar/Desktop/VGGFace2_ArcFace_Project/data/aligned/train/n000556/0028_01.jpg,/mnt/c/Users/ansar/Desktop/VGGFace2_ArcFace_Project/data/aligned/train/n008733/0117_01.jpg,0,impostor,0.3543495833873749
/mnt/c/Users/ansar/Desktop/VGGFace2_ArcFace_Project/data/aligned/train/n005679/0926_01.jpg,/mnt/c/Users/ansar/Desktop/VGGFace2_ArcFace_Project/data/aligned/train/n002912/0032_01.jpg,0,impostor,0.3526166975498199
/mnt/c/Users/ansar/Desktop/VGGFace2_ArcFace_Project/data/aligned/train/n004098/0296_01.jpg,/mnt/c/Users/ansar/Desktop/VGGFace2_ArcFace_Project/data/aligned/train/n008375/0047_05.jpg,0,impostor,0.3520317673683166
/mnt/c/Users/ansar/Desktop/VGGFace2_ArcFace_Project/data/aligned/train/n003290/0159_01.jpg,/mnt/c/Users/ansar/Desktop/VGGFace2_ArcFace_Project/data/aligned/train/n000374/0054_01.jpg,0,impostor,0.351665049791336
/mnt/c/Users/ansar/Desktop/VGGFace2_ArcFace_Project/data/aligned/train/n009226/0077_01.jpg,/mnt/c/Users/ansar/Desktop/VGGFace2_ArcFace_Project/data/aligned/train/n006983/0030_01.jpg,0,impostor,0.351542979478836
/mnt/c/Users/ansar/Desktop/VGGFace2_ArcFace_Project/data/aligned/train/n000471/0397_01.jpg,/mnt/c/Users/ansar/Desktop/VGGFace2_ArcFace_Project/data/aligned/train/n005132/0395_01.jpg,0,impostor,0.3509609997272491
